SPECIES_NAME,Class,Taxon,Diet,Diet2,IUCN,IUCN category,endemism
Acropora abrotanoides,Anthozoa,Coral,primary producer,,Least Concern,,non-endemic
Acropora austera,Anthozoa,Coral,primary producer,,Near Threatened,,non-endemic
Acropora cerealis,Anthozoa,Coral,primary producer,,Least Concern,,non-endemic
Acropora cytherea,Anthozoa,Coral,primary producer,,Least Concern,,non-endemic
Acropora digitifera,Anthozoa,Coral,primary producer,,Near Threatened,,non-endemic
Acropora florida,Anthozoa,Coral,primary producer,,Near Threatened,,non-endemic
Acropora gemmifera,Anthozoa,Coral,primary producer,,Least Concern,,non-endemic
Acropora humilis,Anthozoa,Coral,primary producer,,Near Threatened,,non-endemic
Acropora hyacinthus,Anthozoa,Coral,primary producer,,Near Threatened,,non-endemic
Acropora intermedia,Anthozoa,Coral,primary producer,,,,non-endemic
Acropora longicyathus,Anthozoa,Coral,primary producer,,Least Concern,,non-endemic
Acropora loripes,Anthozoa,Coral,primary producer,,Near Threatened,,non-endemic
Acropora millepora,Anthozoa,Coral,primary producer,,Near Threatened,,non-endemic
Acropora muricata,Anthozoa,Coral,primary producer,,,,non-endemic
Acropora nasuta,Anthozoa,Coral,primary producer,,Near Threatened,,non-endemic
Acropora tenuis,Anthozoa,Coral,primary producer,,Near Threatened,,non-endemic
Acropora valida,Anthozoa,Coral,primary producer,,Least Concern,,non-endemic
Astrea curta,Anthozoa,Coral,primary producer,,,,non-endemic
Astreopora myriophthalma,Anthozoa,Coral,primary producer,,Least Concern,,non-endemic
Coscinaraea columna,Anthozoa,Coral,primary producer,,Least Concern,,non-endemic
Diploastrea heliopora,Anthozoa,Coral,primary producer,,Near Threatened,,non-endemic
Echinopora lamellosa,Anthozoa,Coral,primary producer,,Least Concern,,non-endemic
Favia favus,Anthozoa,Coral,primary producer,,Least Concern,,non-endemic
Favia pallida,Anthozoa,Coral,primary producer,,Least Concern,,non-endemic
Favia stelligera,Anthozoa,Coral,primary producer,,Near Threatened,,non-endemic
Favites abdita,Anthozoa,Coral,primary producer,,Near Threatened,,non-endemic
Galaxea fascicularis,Anthozoa,Coral,primary producer,,Near Threatened,,non-endemic
Goniastrea australensis,Anthozoa,Coral,primary producer,,Least Concern,,non-endemic
Goniastrea edwardsi,Anthozoa,Coral,primary producer,,Least Concern,,non-endemic
Goniastrea pectinata,Anthozoa,Coral,primary producer,,Least Concern,,non-endemic
Goniastrea retiformis,Anthozoa,Coral,primary producer,,Least Concern,,non-endemic
Isopora brueggemanni,Anthozoa,Coral,primary producer,,Vulnerable,A4ce,non-endemic
Isopora cuneata,Anthozoa,Coral,primary producer,,Vulnerable,A4ce,non-endemic
Isopora palifera,Anthozoa,Coral,primary producer,,Near Threatened,,non-endemic
Leptoria phrygia,Anthozoa,Coral,primary producer,,Near Threatened,,non-endemic
Lobophyllia hemprichii,Anthozoa,Coral,primary producer,,Least Concern,,non-endemic
Merulina ampliata,Anthozoa,Coral,primary producer,,Least Concern,,non-endemic
Millepora dichotoma,Anthozoa,Coral,primary producer,,Least Concern,,non-endemic
Millepora exaesa,Anthozoa,Coral,primary producer,,Least Concern,,non-endemic
Montipora crassituberculata,Anthozoa,Coral,primary producer,,Vulnerable,A4c,non-endemic
Montipora grisea,Anthozoa,Coral,primary producer,,Least Concern,,non-endemic
Montipora tuberculosa,Anthozoa,Coral,primary producer,,Least Concern,,non-endemic
Pavona varians,Anthozoa,Coral,primary producer,,Least Concern,,non-endemic
Platygyra daedalea,Anthozoa,Coral,primary producer,,Least Concern,,non-endemic
Pocillopora damicornis,Anthozoa,Coral,primary producer,,Least Concern,,non-endemic
Pocillopora meandrina,Anthozoa,Coral,primary producer,,Least Concern,,non-endemic
Pocillopora verrucosa,Anthozoa,Coral,primary producer,,Least Concern,,non-endemic
Porites cylindrica,Anthozoa,Coral,primary producer,,Near Threatened,,non-endemic
Porites heronensis,Anthozoa,Coral,primary producer,,Least Concern,,non-endemic
Porites lichen,Anthozoa,Coral,primary producer,,Least Concern,,non-endemic
Porites rus,Anthozoa,Coral,primary producer,,Least Concern,,non-endemic
Porites vaughani,Anthozoa,Coral,primary producer,,Least Concern,,non-endemic
Seriatopora caliendrum,Anthozoa,Coral,primary producer,,Near Threatened,,non-endemic
Seriatopora hystrix,Anthozoa,Coral,primary producer,,Least Concern,,non-endemic
Stylophora pistillata,Anthozoa,Coral,primary producer,,Near Threatened,,endemic
Acanthaster planci,Asteroidea,Invertebrate,Benthic invertivore,Invertivore,,,non-endemic
Astrostole scabra,Asteroidea,Invertebrate,Benthic invertivore,Invertivore,,,non-endemic
Coscinasterias muricata,Asteroidea,Invertebrate,Benthic invertivore,Invertivore,,,non-endemic
Uniophora granifera,Asteroidea,Invertebrate,Benthic invertivore,Invertivore,,,endemic
Meridiastra calcar,Asteroidea,Invertebrate,Benthic invertivore,Invertivore,,,endemic
Meridiastra gunnii,Asteroidea,Invertebrate,Benthic invertivore,Invertivore,,,endemic
Pseudonepanthia troughtoni,Asteroidea,Invertebrate,Benthic invertivore,Invertivore,,,endemic
Petricia vernicina,Asteroidea,Invertebrate,Benthic invertivore,Invertivore,,,non-endemic
Echinaster arcystatus,Asteroidea,Invertebrate,Benthic invertivore,Invertivore,,,endemic
Echinaster luzonicus,Asteroidea,Invertebrate,Benthic invertivore,Invertivore,,,non-endemic
Plectaster decanus,Asteroidea,Invertebrate,Benthic invertivore,Invertivore,,,endemic
Fromia indica,Asteroidea,Invertebrate,Benthic invertivore,Invertivore,,,non-endemic
Fromia monilis,Asteroidea,Invertebrate,Benthic invertivore,Invertivore,,,non-endemic
Fromia polypora,Asteroidea,Invertebrate,Benthic invertivore,Invertivore,,,endemic
Pentagonaster dubeni,Asteroidea,Invertebrate,Benthic invertivore,Invertivore,,,endemic
Tosia australis,Asteroidea,Invertebrate,Benthic invertivore,Invertivore,,,endemic
Tosia magnifica,Asteroidea,Invertebrate,Benthic invertivore,Invertivore,,,endemic
Linckia guildingi,Asteroidea,Invertebrate,Benthic invertivore,Invertivore,,,non-endemic
Linckia laevigata,Asteroidea,Invertebrate,Benthic invertivore,Invertivore,,,non-endemic
Linckia multifora,Asteroidea,Invertebrate,Benthic invertivore,Invertivore,,,non-endemic
Nardoa variolata,Asteroidea,Invertebrate,Benthic invertivore,Invertivore,,,non-endemic
Ophidiaster confertus,Asteroidea,Invertebrate,Benthic invertivore,Invertivore,,,endemic
Nectria macrobrachia,Asteroidea,Invertebrate,Benthic invertivore,Invertivore,,,endemic
Nectria ocellata,Asteroidea,Invertebrate,Benthic invertivore,Invertivore,,,endemic
Nectria pedicelligera,Asteroidea,Invertebrate,Benthic invertivore,Invertivore,,,endemic
Nectria saoria,Asteroidea,Invertebrate,Benthic invertivore,Invertivore,,,endemic
Culcita novaeguineae,Asteroidea,Invertebrate,Benthic invertivore,Invertivore,,,non-endemic
Tridacna crocea,Bivalvia,Invertebrate,Planktivore,Invertivore,,,non-endemic
Tridacna derasa,Bivalvia,Invertebrate,Planktivore,Invertivore,Vulnerable,A2cd,non-endemic
Tridacna gigas,Bivalvia,Invertebrate,Planktivore,Invertivore,Vulnerable,A2cd,non-endemic
Tridacna maxima,Bivalvia,Invertebrate,Planktivore,Invertivore,,,non-endemic
Tridacna squamosa,Bivalvia,Invertebrate,Planktivore,Invertivore,,,non-endemic
Octopus tetricus,Cephalopoda,Invertebrate,Benthic invertivore,Invertivore,Least Concern,,endemic
Sepia apama,Cephalopoda,Invertebrate,Benthic invertivore,Invertivore,Near Threatened,,endemic
Sepia mestus,Cephalopoda,Invertebrate,Benthic invertivore,Invertivore,Least Concern,,endemic
Sepia plangon,Cephalopoda,Invertebrate,Benthic invertivore,Invertivore,Least Concern,,endemic
Cenolia trichoptera,Crinoidea,Invertebrate,Planktivore,Invertivore,,,endemic
Comanthus tasmaniae,Crinoidea,Invertebrate,Planktivore,Invertivore,,,endemic
Comanthus wahlbergi,Crinoidea,Invertebrate,Planktivore,Invertivore,,,non-endemic
Oxycomanthus bennetti,Crinoidea,Invertebrate,Planktivore,Invertivore,,,non-endemic
Tropiometra afra,Crinoidea,Invertebrate,Planktivore,Invertivore,,,non-endemic
Himerometra robustipinna,Crinoidea,Invertebrate,Planktivore,Invertivore,,,non-endemic
Ptilometra australis,Crinoidea,Invertebrate,Planktivore,Invertivore,,,endemic
Goniocidaris tubaria,Echinoidea,Invertebrate,Scraping herbivore,Herbivore,,,endemic
Phyllacanthus irregularis,Echinoidea,Invertebrate,Scraping herbivore,Herbivore,,,endemic
Phyllacanthus parvispinus,Echinoidea,Invertebrate,Scraping herbivore,Herbivore,,,endemic
Prionocidaris callista,Echinoidea,Invertebrate,Scraping herbivore,Herbivore,,,endemic
Centrostephanus rodgersii,Echinoidea,Invertebrate,Scraping herbivore,Herbivore,,,endemic
Centrostephanus tenuispinus,Echinoidea,Invertebrate,Scraping herbivore,Herbivore,,,endemic
Diadema savignyi,Echinoidea,Invertebrate,Scraping herbivore,Herbivore,,,non-endemic
Diadema setosum,Echinoidea,Invertebrate,Scraping herbivore,Herbivore,,,non-endemic
Echinometra mathaei,Echinoidea,Invertebrate,Scraping herbivore,Herbivore,,,non-endemic
Echinostrephus aciculatus,Echinoidea,Invertebrate,Scraping herbivore,Herbivore,,,non-endemic
Heliocidaris erythrogramma,Echinoidea,Invertebrate,Scraping herbivore,Herbivore,,,endemic
Heliocidaris tuberculata,Echinoidea,Invertebrate,Scraping herbivore,Herbivore,,,non-endemic
Amblypneustes ovum,Echinoidea,Invertebrate,Scraping herbivore,Herbivore,,,endemic
Holopneustes inflatus,Echinoidea,Invertebrate,Scraping herbivore,Herbivore,,,endemic
Holopneustes porosissimus,Echinoidea,Invertebrate,Scraping herbivore,Herbivore,,,endemic
Holopneustes purpurascens,Echinoidea,Invertebrate,Scraping herbivore,Herbivore,,,endemic
Holopneustes sp. (red),Echinoidea,Invertebrate,Scraping herbivore,Herbivore,,,endemic
Pseudoboletia indiana,Echinoidea,Invertebrate,Scraping herbivore,Herbivore,,,non-endemic
Tripneustes gratilla,Echinoidea,Invertebrate,Scraping herbivore,Herbivore,,,non-endemic
Echinothrix calamaris,Echinoidea,Invertebrate,Scraping herbivore,Herbivore,,,non-endemic
Cronia avellana,Gastropoda,Invertebrate,Benthic invertivore,Invertivore,,,endemic
Rhinoclavis bituberculata,Gastropoda,Invertebrate,Scraping herbivore,Herbivore,,,endemic
Penion mandarinus,Gastropoda,Invertebrate,Benthic invertivore,Invertivore,,,endemic
Campanile symbolicum,Gastropoda,Invertebrate,Planktivore,Invertivore,,,endemic
Cerithium echinatum,Gastropoda,Invertebrate,Scraping herbivore,Herbivore,,,non-endemic
Ceratosoma amoenum,Gastropoda,Invertebrate,Benthic invertivore,Invertivore,,,non-endemic
Ceratosoma brevicaudatum,Gastropoda,Invertebrate,Benthic invertivore,Invertivore,,,endemic
Chromodoris westraliensis,Gastropoda,Invertebrate,Benthic invertivore,Invertivore,,,endemic
Doriprismatica atromarginata,Gastropoda,Invertebrate,Benthic invertivore,Invertivore,,,non-endemic
Goniobranchus splendidus,Gastropoda,Invertebrate,Benthic invertivore,Invertivore,,,non-endemic
Goniobranchus tasmaniensis,Gastropoda,Invertebrate,Benthic invertivore,Invertivore,,,endemic
Hypselodoris bennetti,Gastropoda,Invertebrate,Benthic invertivore,Invertivore,,,endemic
Conus anemone,Gastropoda,Invertebrate,Benthic invertivore,Invertivore,Least Concern,,endemic
Aphelodoris varia,Gastropoda,Invertebrate,Benthic invertivore,Invertivore,,,endemic
Doris chrysoderma,Gastropoda,Invertebrate,Benthic invertivore,Invertivore,,,endemic
Pteraeolidia ianthina,Gastropoda,Invertebrate,Benthic invertivore,Invertivore,,,non-endemic
Fusinus australis,Gastropoda,Invertebrate,Benthic invertivore,Invertivore,,,endemic
Pleuroploca australasia,Gastropoda,Invertebrate,Benthic invertivore,Invertivore,,,endemic
Scutus antipodes,Gastropoda,Invertebrate,Scraping herbivore,Herbivore,,,non-endemic
Sagaminopteron ornatum,Gastropoda,Invertebrate,Benthic invertivore,Invertivore,,,non-endemic
Haliotis laevigata,Gastropoda,Invertebrate,Browsing herbivore,Herbivore,Vulnerable,A2bd,endemic
Haliotis roei,Gastropoda,Invertebrate,Scraping herbivore,Herbivore,Near Threatened,,endemic
Haliotis rubra,Gastropoda,Invertebrate,Scraping herbivore,Herbivore,Vulnerable,A2ac,endemic
Haliotis scalaris,Gastropoda,Invertebrate,Scraping herbivore,Herbivore,Least Concern,,endemic
Coriocella nigra,Gastropoda,Invertebrate,Benthic invertivore,Invertivore,,,non-endemic
Mitra glabra,Gastropoda,Invertebrate,Benthic invertivore,Invertivore,,,endemic
Agnewia tritoniformis,Gastropoda,Invertebrate,Benthic invertivore,Invertivore,,,non-endemic
Dicathais orbita,Gastropoda,Invertebrate,Benthic invertivore,Invertivore,,,non-endemic
Drupella cornus,Gastropoda,Invertebrate,Benthic invertivore,Invertivore,,,non-endemic
Pterynotus triformis,Gastropoda,Invertebrate,Benthic invertivore,Invertivore,,,endemic
Phasianella australis,Gastropoda,Invertebrate,Scraping herbivore,Herbivore,,,endemic
Phasianella ventricosa,Gastropoda,Invertebrate,Scraping herbivore,Herbivore,,,endemic
Phyllidia coelestis,Gastropoda,Invertebrate,Benthic invertivore,Invertivore,,,non-endemic
Phyllidiella pustulosa,Gastropoda,Invertebrate,Benthic invertivore,Invertivore,,,non-endemic
Cabestana spengleri,Gastropoda,Invertebrate,Benthic invertivore,Invertivore,,,endemic
Charonia lampas,Gastropoda,Invertebrate,Benthic invertivore,Invertivore,,,non-endemic
Monoplex parthenopeus,Gastropoda,Invertebrate,Benthic invertivore,Invertivore,,,endemic
Ranella australasia,Gastropoda,Invertebrate,Benthic invertivore,Invertivore,,,endemic
Sassia parkinsonia,Gastropoda,Invertebrate,Benthic invertivore,Invertivore,,,non-endemic
Phasianotrochus eximius,Gastropoda,Invertebrate,Scraping herbivore,Herbivore,,,endemic
Tectus pyramis,Gastropoda,Invertebrate,Scraping herbivore,Herbivore,,,non-endemic
Astralium aureum,Gastropoda,Invertebrate,Scraping herbivore,Herbivore,,,endemic
Astralium squamiferum,Gastropoda,Invertebrate,Scraping herbivore,Herbivore,,,endemic
Astralium tentoriiforme,Gastropoda,Invertebrate,Scraping herbivore,Herbivore,,,endemic
Astralium tentorium,Gastropoda,Invertebrate,Scraping herbivore,Herbivore,,,endemic
Turbo argyrostomus,Gastropoda,Invertebrate,Browsing herbivore,Herbivore,,,non-endemic
Turbo cepoides,Gastropoda,Invertebrate,Scraping herbivore,Herbivore,,,non-endemic
Turbo imperialis,Gastropoda,Invertebrate,Scraping herbivore,Herbivore,,,endemic
Turbo jourdani,Gastropoda,Invertebrate,Scraping herbivore,Herbivore,,,endemic
Turbo kenwilliamsi,Gastropoda,Invertebrate,Scraping herbivore,Herbivore,,,endemic
Turbo militaris,Gastropoda,Invertebrate,Browsing herbivore,Herbivore,,,endemic
Turbo torquatus,Gastropoda,Invertebrate,Scraping herbivore,Herbivore,,,endemic
Turbo undulatus,Gastropoda,Invertebrate,Scraping herbivore,Herbivore,,,endemic
Chelidonura inornata,Gastropoda,Invertebrate,Benthic invertivore,Invertivore,,,non-endemic
Coryphellina rubrolineata,Gastropoda,Invertebrate,Benthic invertivore,Invertivore,,,non-endemic
Bohadschia argus,Holothuroidea,Invertebrate,omnivore,Herbivore,Least Concern,,non-endemic
Holothuria atra,Holothuroidea,Invertebrate,omnivore,Herbivore,Least Concern,,non-endemic
Holothuria edulis,Holothuroidea,Invertebrate,omnivore,Herbivore,Least Concern,,non-endemic
Holothuria leucospilota,Holothuroidea,Invertebrate,omnivore,Herbivore,Least Concern,,non-endemic
Holothuria whitmaei,Holothuroidea,Invertebrate,omnivore,Herbivore,Endangered,A2bd,non-endemic
Australostichopus mollis,Holothuroidea,Invertebrate,omnivore,Herbivore,Least Concern,,non-endemic
Stichopus chloronotus,Holothuroidea,Invertebrate,omnivore,Herbivore,Least Concern,,non-endemic
Stichopus ludwigi,Holothuroidea,Invertebrate,omnivore,Herbivore,,,endemic
Thelenota ananas,Holothuroidea,Invertebrate,omnivore,Herbivore,Endangered,A2bd,non-endemic
Thuridilla gracilis,Holothuroidea,Invertebrate,Herbivore,Herbivore,,,non-endemic
Bohadschia graeffei,Holothuroidea,Invertebrate,omnivore,Herbivore,,,non-endemic
Dardanus lagopodes,Malacostraca,Invertebrate,Benthic invertivore,Invertivore,,,non-endemic
Paguristes frontalis,Malacostraca,Invertebrate,omnivore,Herbivore,,,endemic
Paguristes purpureantennatus,Malacostraca,Invertebrate,omnivore,Herbivore,,,endemic
Strigopagurus strigimanus,Malacostraca,Invertebrate,omnivore,Herbivore,,,endemic
Calcinus minutus,Malacostraca,Invertebrate,omnivore,Herbivore,,,non-endemic
Pagurus sinuatus,Malacostraca,Invertebrate,omnivore,Herbivore,,,endemic
Jasus edwardsii,Malacostraca,Invertebrate,Benthic invertivore,Invertivore,Least Concern,,non-endemic
Panulirus cygnus,Malacostraca,Invertebrate,Benthic invertivore,Invertivore,Least Concern,,endemic
Panulirus longipes,Malacostraca,Invertebrate,omnivore,Herbivore,Least Concern,,non-endemic
Plagusia chabrus,Malacostraca,Invertebrate,Benthic invertivore,Invertivore,,,non-endemic
Nectocarcinus integrifrons,Malacostraca,Invertebrate,Scraping herbivore,Herbivore,,,non-endemic
Nectocarcinus tuberculosus,Malacostraca,Invertebrate,Benthic invertivore,Invertivore,,,endemic
Stenopus hispidus,Malacostraca,Invertebrate,Benthic invertivore,Invertivore,,,non-endemic
Cladostephus spongiosus,Brown algae,Macroalgae,primary producer,,,,non-endemic
Distromium flabellatum,Brown algae,Macroalgae,primary producer,,,,endemic
Dictyopteris muelleri,Brown algae,Macroalgae,primary producer,,,,endemic
Exallosorus olsenii,Brown algae,Macroalgae,primary producer,,,,endemic
Lobophora variegata,Brown algae,Macroalgae,primary producer,,,,non-endemic
Lobospira bicuspidata,Brown algae,Macroalgae,primary producer,,,,endemic
Pachydictyon paniculatum,Brown algae,Macroalgae,primary producer,,,,endemic
Zonaria angustata,Brown algae,Macroalgae,primary producer,,,,endemic
Zonaria spiralis,Brown algae,Macroalgae,primary producer,,,,endemic
Durvillaea potatorum,Brown algae,Macroalgae,primary producer,,,,endemic
Xiphophora chondrophylla,Brown algae,Macroalgae,primary producer,,,,non-endemic
Xiphophora gladiata,Brown algae,Macroalgae,primary producer,,,,non-endemic
Macrocystis pyrifera,Brown algae,Macroalgae,primary producer,,,,non-endemic
Ecklonia radiata,Brown algae,Macroalgae,primary producer,,,,endemic
Lessonia corrugata,Brown algae,Macroalgae,primary producer,,,,endemic
Acrocarpia paniculata,Brown algae,Macroalgae,primary producer,,,,endemic
Carpoglossum confluens,Brown algae,Macroalgae,primary producer,,,,endemic
Caulocystis cephalornithos,Brown algae,Macroalgae,primary producer,,,,endemic
Caulocystis uvifera,Brown algae,Macroalgae,primary producer,,,,endemic
Cystophora expansa,Brown algae,Macroalgae,primary producer,,,,endemic
Cystophora monilifera,Brown algae,Macroalgae,primary producer,,,,endemic
Cystophora moniliformis,Brown algae,Macroalgae,primary producer,,,,endemic
Cystophora platylobium,Brown algae,Macroalgae,primary producer,,,,endemic
Cystophora racemosa,Brown algae,Macroalgae,primary producer,,,,endemic
Cystophora retorta,Brown algae,Macroalgae,primary producer,,,,endemic
Cystophora retroflexa,Brown algae,Macroalgae,primary producer,,,,non-endemic
Cystophora subfarcinata,Brown algae,Macroalgae,primary producer,,,,endemic
Platythalia angustifolia,Brown algae,Macroalgae,primary producer,,,,endemic
Sargassum decipiens,Brown algae,Macroalgae,primary producer,,,,endemic
Sargassum fallax,Brown algae,Macroalgae,primary producer,,,,endemic
Sargassum heteromorphum,Brown algae,Macroalgae,primary producer,,,,endemic
Sargassum lacerifolium,Brown algae,Macroalgae,primary producer,,,,endemic
Sargassum ligulatum,Brown algae,Macroalgae,primary producer,,,,endemic
Sargassum linearifolium,Brown algae,Macroalgae,primary producer,,,,endemic
Sargassum sonderi,Brown algae,Macroalgae,primary producer,,,,endemic
Sargassum spinuligerum,Brown algae,Macroalgae,primary producer,,,,endemic
Sargassum varians,Brown algae,Macroalgae,primary producer,,,,endemic
Sargassum verruculosum,Brown algae,Macroalgae,primary producer,,,,non-endemic
Sargassum vestitum,Brown algae,Macroalgae,primary producer,,,,endemic
Colpomenia peregrina,Brown algae,Macroalgae,primary producer,,,,non-endemic
Colpomenia sinuosa,Brown algae,Macroalgae,primary producer,,,,non-endemic
Hydroclathrus clathratus,Brown algae,Macroalgae,primary producer,,,,non-endemic
Phyllospora comosa,Brown algae,Macroalgae,primary producer,,,,endemic
Scytothalia dorycarpa,Brown algae,Macroalgae,primary producer,,,,endemic
Seirococcus axillaris,Brown algae,Macroalgae,primary producer,,,,endemic
Carpomitra costata,Brown algae,Macroalgae,primary producer,,,,non-endemic
Perithalia caudata,Brown algae,Macroalgae,primary producer,,,,endemic
Halopteris paniculata,Brown algae,Macroalgae,primary producer,,,,non-endemic
Caulerpa brownii,Green algae,Macroalgae,primary producer,,,,non-endemic
Caulerpa cactoides,Green algae,Macroalgae,primary producer,,,,endemic
Caulerpa flexilis,Green algae,Macroalgae,primary producer,,,,non-endemic
Caulerpa geminata,Green algae,Macroalgae,primary producer,,,,non-endemic
Caulerpa longifolia,Green algae,Macroalgae,primary producer,,,,endemic
Caulerpa obscura,Green algae,Macroalgae,primary producer,,,,endemic
Caulerpa scalpelliformis,Green algae,Macroalgae,primary producer,,,,endemic
Caulerpa simpliciuscula,Green algae,Macroalgae,primary producer,,,,endemic
Caulerpa trifaria,Green algae,Macroalgae,primary producer,,,,endemic
Chaetomorpha coliformis,Green algae,Macroalgae,primary producer,,,,non-endemic
Codium harveyi,Green algae,Macroalgae,primary producer,,,,non-endemic
Codium lucasii,Green algae,Macroalgae,primary producer,,,,non-endemic
Codium pomoides,Green algae,Macroalgae,primary producer,,,,endemic
Halimeda cuneata,Green algae,Macroalgae,primary producer,,,,non-endemic
Apjohnia laetevirens,Green algae,Macroalgae,primary producer,,,,endemic
Betaphycus speciosum,Red algae,Macroalgae,primary producer,,,,non-endemic
Echinothamnion hystrix,Red algae,Macroalgae,primary producer,,,,endemic
Gelidium asperum,Red algae,Macroalgae,primary producer,,,,endemic
Gelidium australe,Red algae,Macroalgae,primary producer,,,,endemic
Hypnea ramentacea,Red algae,Macroalgae,primary producer,,,,endemic
Jania micrarthrodia,Red algae,Macroalgae,primary producer,,,,non-endemic
Laurencia elata,Red algae,Macroalgae,primary producer,,,,non-endemic
Laurencia majuscula,Red algae,Macroalgae,primary producer,,,,non-endemic
Neurymenia fraxinifolia,Red algae,Macroalgae,primary producer,,,,non-endemic
Polyopes constrictus,Red algae,Macroalgae,primary producer,,,,endemic
Hennedya crispa,Red algae,Macroalgae,primary producer,,,,endemic
Callophycus dorsifer,Red algae,Macroalgae,primary producer,,,,endemic
Callophycus laxus,Red algae,Macroalgae,primary producer,,,,endemic
Callophycus oppositifolius,Red algae,Macroalgae,primary producer,,,,endemic
Ballia callitricha,Red algae,Macroalgae,primary producer,,,,non-endemic
Asparagopsis armata,Red algae,Macroalgae,primary producer,,,,non-endemic
Asparagopsis taxiformis,Red algae,Macroalgae,primary producer,,,,non-endemic
Delisea pulchra,Red algae,Macroalgae,primary producer,,,,non-endemic
Ptilonia australasica,Red algae,Macroalgae,primary producer,,,,endemic
Euptilota articulata,Red algae,Macroalgae,primary producer,,,,endemic
Champia viridis,Red algae,Macroalgae,primary producer,,,,endemic
Amphiroa anceps,Red algae,Macroalgae,primary producer,,,,endemic
Amphiroa gracilis,Red algae,Macroalgae,primary producer,,,,endemic
Arthrocardia wardii,Red algae,Macroalgae,primary producer,,,,endemic
Cheilosporum sagittatum,Red algae,Macroalgae,primary producer,,,,endemic
Corallina officinalis,Red algae,Macroalgae,primary producer,,,,non-endemic
Haliptilon roseum,Red algae,Macroalgae,primary producer,,,,non-endemic
Metagoniolithon radiatum,Red algae,Macroalgae,primary producer,,,,endemic
Metagoniolithon stelliferum,Red algae,Macroalgae,primary producer,,,,endemic
Metamastophora flabellata,Red algae,Macroalgae,primary producer,,,,endemic
Hemineura frondosa,Red algae,Macroalgae,primary producer,,,,endemic
Nitospinosa tasmanica,Red algae,Macroalgae,primary producer,,,,endemic
Pollexfenia lobata,Red algae,Macroalgae,primary producer,,,,endemic
Rhodopeltis australis,Red algae,Macroalgae,primary producer,,,,endemic
Curdiea irvineae,Red algae,Macroalgae,primary producer,,,,endemic
Melanthalia abscissa,Red algae,Macroalgae,primary producer,,,,endemic
Melanthalia obtusata,Red algae,Macroalgae,primary producer,,,,endemic
Thamnoclonium dichotomum,Red algae,Macroalgae,primary producer,,,,endemic
Synarthrophyton patena,Red algae,Macroalgae,primary producer,,,,non-endemic
Erythrymenia minuta,Red algae,Macroalgae,primary producer,,,,endemic
Callophyllis lambertii,Red algae,Macroalgae,primary producer,,,,endemic
Callophyllis rangiferina,Red algae,Macroalgae,primary producer,,,,endemic
Nizymenia australis,Red algae,Macroalgae,primary producer,,,,endemic
Peyssonnelia novaehollandiae,Red algae,Macroalgae,primary producer,,,,endemic
Phacelocarpus alatus,Red algae,Macroalgae,primary producer,,,,endemic
Phacelocarpus apodus,Red algae,Macroalgae,primary producer,,,,endemic
Phacelocarpus peperocarpos,Red algae,Macroalgae,primary producer,,,,endemic
Stenogramme interrupta,Red algae,Macroalgae,primary producer,,,,non-endemic
Plocamium angustum,Red algae,Macroalgae,primary producer,,,,non-endemic
Plocamium cartilagineum,Red algae,Macroalgae,primary producer,,,,non-endemic
Plocamium costatum,Red algae,Macroalgae,primary producer,,,,non-endemic
Plocamium dilatatum,Red algae,Macroalgae,primary producer,,,,endemic
Plocamium leptophyllum,Red algae,Macroalgae,primary producer,,,,non-endemic
Plocamium mertensii,Red algae,Macroalgae,primary producer,,,,endemic
Plocamium patagiatum,Red algae,Macroalgae,primary producer,,,,endemic
Plocamium preissianum,Red algae,Macroalgae,primary producer,,,,endemic
Pterocladia lucida,Red algae,Macroalgae,primary producer,,,,non-endemic
Dictyomenia harveyana,Red algae,Macroalgae,primary producer,,,,endemic
Dictyomenia sonderi,Red algae,Macroalgae,primary producer,,,,endemic
Dictyomenia tridens,Red algae,Macroalgae,primary producer,,,,endemic
Laurencia brongniartii,Red algae,Macroalgae,primary producer,,,,non-endemic
Lenormandia marginata,Red algae,Macroalgae,primary producer,,,,endemic
Camontagnea oxyclada,Red algae,Macroalgae,primary producer,,,,endemic
Botryocladia sonderi,Red algae,Macroalgae,primary producer,,,,endemic
Gloiosaccion brownii,Red algae,Macroalgae,primary producer,,,,endemic
Haloplegma preissii,Red algae,Macroalgae,primary producer,,,,non-endemic
Galaxaura obtusata,Red algae,Macroalgae,primary producer,,,,non-endemic
Kuetzingia canaliculata,Red algae,Macroalgae,primary producer,,,,endemic
Myriogramme gunniana,Red algae,Macroalgae,primary producer,,,,endemic
Nizymenia conferta,Red algae,Macroalgae,primary producer,,,,endemic
Areschougia congesta,Red algae,Macroalgae,primary producer,,,,endemic
Acanthurus albipectoralis,Actinopterygii,Vertebrate,Browsing herbivore,Herbivore,Least Concern,,non-endemic
Acanthurus auranticavus,Actinopterygii,Vertebrate,Browsing herbivore,Herbivore,Least Concern,,non-endemic
Acanthurus blochii,Actinopterygii,Vertebrate,Browsing herbivore,Herbivore,Least Concern,,non-endemic
Acanthurus dussumieri,Actinopterygii,Vertebrate,Browsing herbivore,Herbivore,Least Concern,,non-endemic
Acanthurus grammoptilus,Actinopterygii,Vertebrate,Browsing herbivore,Herbivore,Least Concern,,non-endemic
Acanthurus lineatus,Actinopterygii,Vertebrate,Browsing herbivore,Herbivore,Least Concern,,non-endemic
Acanthurus nigricans,Actinopterygii,Vertebrate,Browsing herbivore,Herbivore,Least Concern,,non-endemic
Acanthurus nigricauda,Actinopterygii,Vertebrate,Browsing herbivore,Herbivore,Least Concern,,non-endemic
Acanthurus nigrofuscus,Actinopterygii,Vertebrate,Browsing herbivore,Herbivore,Least Concern,,non-endemic
Acanthurus olivaceus,Actinopterygii,Vertebrate,Browsing herbivore,Herbivore,Least Concern,,non-endemic
Acanthurus pyroferus,Actinopterygii,Vertebrate,Browsing herbivore,Herbivore,Least Concern,,non-endemic
Acanthurus thompsoni,Actinopterygii,Vertebrate,Planktivore,Invertivore,Least Concern,,non-endemic
Acanthurus triostegus,Actinopterygii,Vertebrate,Browsing herbivore,Herbivore,Least Concern,,non-endemic
Acanthurus xanthopterus,Actinopterygii,Vertebrate,Browsing herbivore,Herbivore,Least Concern,,non-endemic
Ctenochaetus binotatus,Actinopterygii,Vertebrate,Browsing herbivore,Herbivore,Least Concern,,non-endemic
Ctenochaetus cyanocheilus,Actinopterygii,Vertebrate,Browsing herbivore,Herbivore,Least Concern,,non-endemic
Ctenochaetus striatus,Actinopterygii,Vertebrate,Browsing herbivore,Herbivore,Least Concern,,non-endemic
Naso brevirostris,Actinopterygii,Vertebrate,Omnivore,Herbivore,Least Concern,,non-endemic
Naso caesius,Actinopterygii,Vertebrate,Planktivore,Invertivore,Least Concern,,non-endemic
Naso lituratus,Actinopterygii,Vertebrate,Browsing herbivore,Herbivore,Least Concern,,non-endemic
Naso tonganus,Actinopterygii,Vertebrate,Planktivore,Invertivore,Least Concern,,non-endemic
Naso unicornis,Actinopterygii,Vertebrate,Browsing herbivore,Herbivore,Least Concern,,non-endemic
Naso vlamingii,Actinopterygii,Vertebrate,Planktivore,Invertivore,Least Concern,,non-endemic
Paracanthurus hepatus,Actinopterygii,Vertebrate,Omnivore,Herbivore,Least Concern,,non-endemic
Prionurus maculatus,Actinopterygii,Vertebrate,Browsing herbivore,Herbivore,Least Concern,,non-endemic
Prionurus microlepidotus,Actinopterygii,Vertebrate,Browsing herbivore,Herbivore,Least Concern,,non-endemic
Zebrasoma scopas,Actinopterygii,Vertebrate,Browsing herbivore,Herbivore,Least Concern,,non-endemic
Zebrasoma velifer,Actinopterygii,Vertebrate,Benthic invertivore,Invertivore,,,non-endemic
Aplodactylus arctidens,Actinopterygii,Vertebrate,Browsing herbivore,Herbivore,,,non-endemic
Aplodactylus etheridgii,Actinopterygii,Vertebrate,Benthic invertivore,Invertivore,,,non-endemic
Aplodactylus lophodon,Actinopterygii,Vertebrate,Browsing herbivore,Herbivore,,,endemic
Apogon doederleini,Actinopterygii,Vertebrate,Benthic invertivore,Invertivore,,,non-endemic
Apogon flavus,Actinopterygii,Vertebrate,Planktivore,Invertivore,,,non-endemic
Apogon limenus,Actinopterygii,Vertebrate,Benthic invertivore,Invertivore,,,endemic
Apogon victoriae,Actinopterygii,Vertebrate,Benthic invertivore,Invertivore,,,endemic
Cheilodipterus artus,Actinopterygii,Vertebrate,Planktivore,Invertivore,,,non-endemic
Cheilodipterus isostigmus,Actinopterygii,Vertebrate,Planktivore,Invertivore,,,non-endemic
Cheilodipterus macrodon,Actinopterygii,Vertebrate,Planktivore,Invertivore,,,non-endemic
Cheilodipterus quinquelineatus,Actinopterygii,Vertebrate,Planktivore,Invertivore,,,non-endemic
Ostorhinchus aureus,Actinopterygii,Vertebrate,Benthic invertivore,Invertivore,,,non-endemic
Ostorhinchus compressus,Actinopterygii,Vertebrate,Benthic invertivore,Invertivore,,,non-endemic
Ostorhinchus cookii,Actinopterygii,Vertebrate,Planktivore,Invertivore,,,non-endemic
Ostorhinchus cyanosoma,Actinopterygii,Vertebrate,Benthic invertivore,Invertivore,,,non-endemic
Ostorhinchus nigrofasciatus,Actinopterygii,Vertebrate,Planktivore,Invertivore,,,non-endemic
Ostorhinchus norfolcensis,Actinopterygii,Vertebrate,Planktivore,Invertivore,,,non-endemic
Ostorhinchus properuptus,Actinopterygii,Vertebrate,Benthic invertivore,Invertivore,,,non-endemic
Ostorhinchus wassinki,Actinopterygii,Vertebrate,Benthic invertivore,Invertivore,,,non-endemic
Pristiapogon kallopterus,Actinopterygii,Vertebrate,Planktivore,Invertivore,,,non-endemic
Siphamia cephalotes,Actinopterygii,Vertebrate,Benthic invertivore,Invertivore,,,endemic
Vincentia conspersa,Actinopterygii,Vertebrate,Benthic invertivore,Invertivore,,,endemic
Arripis georgianus,Actinopterygii,Vertebrate,Higher carnivore,Piscivore,,,endemic
Arripis trutta,Actinopterygii,Vertebrate,Higher carnivore,Piscivore,,,non-endemic
Latropiscis purpurissatus,Actinopterygii,Vertebrate,Higher carnivore,Piscivore,Least Concern,,non-endemic
Aulostomus chinensis,Actinopterygii,Vertebrate,Higher carnivore,Piscivore,Least Concern,,non-endemic
Balistapus undulatus,Actinopterygii,Vertebrate,Benthic invertivore,Invertivore,,,non-endemic
Balistoides conspicillum,Actinopterygii,Vertebrate,Omnivore,Herbivore,,,non-endemic
Balistoides viridescens,Actinopterygii,Vertebrate,Omnivore,Herbivore,,,non-endemic
Melichthys vidua,Actinopterygii,Vertebrate,Omnivore,Herbivore,,,non-endemic
Rhinecanthus aculeatus,Actinopterygii,Vertebrate,Omnivore,Herbivore,,,non-endemic
Sufflamen bursa,Actinopterygii,Vertebrate,Omnivore,Herbivore,,,non-endemic
Sufflamen chrysopterum,Actinopterygii,Vertebrate,Benthic invertivore,Invertivore,,,non-endemic
Sufflamen fraenatum,Actinopterygii,Vertebrate,Benthic invertivore,Invertivore,Least Concern,,non-endemic
Atrosalarias holomelas,Actinopterygii,Vertebrate,Browsing herbivore,Herbivore,Least Concern,,non-endemic
Cirripectes alboapicalis,Actinopterygii,Vertebrate,Browsing herbivore,Herbivore,Least Concern,,non-endemic
Cirripectes chelomatus,Actinopterygii,Vertebrate,Browsing herbivore,Herbivore,Least Concern,,non-endemic
Cirripectes filamentosus,Actinopterygii,Vertebrate,Browsing herbivore,Herbivore,Least Concern,,non-endemic
Cirripectes hutchinsi,Actinopterygii,Vertebrate,Browsing herbivore,Herbivore,Least Concern,,non-endemic
Cirripectes stigmaticus,Actinopterygii,Vertebrate,Browsing herbivore,Herbivore,Least Concern,,non-endemic
Crossosalarias macrospilus,Actinopterygii,Vertebrate,Browsing herbivore,Herbivore,Least Concern,,non-endemic
Ecsenius aequalis,Actinopterygii,Vertebrate,Benthic invertivore,Invertivore,Least Concern,,non-endemic
Ecsenius alleni,Actinopterygii,Vertebrate,Benthic invertivore,Invertivore,Least Concern,,endemic
Ecsenius bicolor,Actinopterygii,Vertebrate,Browsing herbivore,Herbivore,Least Concern,,non-endemic
Ecsenius fourmanoiri,Actinopterygii,Vertebrate,Omnivore,Herbivore,Least Concern,,non-endemic
Ecsenius lividanalis,Actinopterygii,Vertebrate,Omnivore,Herbivore,Least Concern,,non-endemic
Ecsenius mandibularis,Actinopterygii,Vertebrate,Omnivore,Herbivore,Least Concern,,endemic
Ecsenius stictus,Actinopterygii,Vertebrate,Browsing herbivore,Herbivore,Least Concern,,endemic
Ecsenius yaeyamaensis,Actinopterygii,Vertebrate,Browsing herbivore,Herbivore,Least Concern,,non-endemic
Meiacanthus atrodorsalis,Actinopterygii,Vertebrate,Benthic invertivore,Invertivore,Least Concern,,non-endemic
Meiacanthus grammistes,Actinopterygii,Vertebrate,Benthic invertivore,Invertivore,Least Concern,,non-endemic
Meiacanthus lineatus,Actinopterygii,Vertebrate,Omnivore,Herbivore,Least Concern,,endemic
Parablennius tasmanianus,Actinopterygii,Vertebrate,Browsing herbivore,Herbivore,Least Concern,,endemic
Petroscirtes fallax,Actinopterygii,Vertebrate,Omnivore,Herbivore,Least Concern,,non-endemic
Plagiotremus laudandus,Actinopterygii,Vertebrate,Cleaner,Invertivore,Least Concern,,non-endemic
Plagiotremus rhinorhynchos,Actinopterygii,Vertebrate,Cleaner,Invertivore,Least Concern,,non-endemic
Plagiotremus tapeinosoma,Actinopterygii,Vertebrate,Cleaner,Invertivore,Least Concern,,non-endemic
Salarias fasciatus,Actinopterygii,Vertebrate,Omnivore,Herbivore,Least Concern,,non-endemic
Stanulus talboti,Actinopterygii,Vertebrate,Omnivore,Herbivore,Least Concern,,non-endemic
Bovichtus angustifrons,Actinopterygii,Vertebrate,Benthic invertivore,Invertivore,,,endemic
Caesio caerulaurea,Actinopterygii,Vertebrate,Planktivore,Invertivore,Least Concern,,non-endemic
Caesio cuning,Actinopterygii,Vertebrate,Planktivore,Invertivore,Least Concern,,non-endemic
Caesio lunaris,Actinopterygii,Vertebrate,Planktivore,Invertivore,Least Concern,,non-endemic
Caesio teres,Actinopterygii,Vertebrate,Planktivore,Invertivore,Least Concern,,non-endemic
Pterocaesio digramma,Actinopterygii,Vertebrate,Planktivore,Invertivore,Least Concern,,non-endemic
Pterocaesio marri,Actinopterygii,Vertebrate,Planktivore,Invertivore,Least Concern,,non-endemic
Pterocaesio tile,Actinopterygii,Vertebrate,Planktivore,Invertivore,Least Concern,,non-endemic
Pterocaesio trilineata,Actinopterygii,Vertebrate,Planktivore,Invertivore,Least Concern,,non-endemic
Eocallionymus papilio,Actinopterygii,Vertebrate,Benthic invertivore,Invertivore,,,endemic
Carangoides fulvoguttatus,Actinopterygii,Vertebrate,Higher carnivore,Piscivore,Least Concern,,non-endemic
Carangoides orthogrammus,Actinopterygii,Vertebrate,Higher carnivore,Piscivore,Least Concern,,non-endemic
Caranx melampygus,Actinopterygii,Vertebrate,Higher carnivore,Piscivore,Least Concern,,non-endemic
Pseudocaranx georgianus,Actinopterygii,Vertebrate,Benthic invertivore,Invertivore,Least Concern,,non-endemic
Seriola hippos,Actinopterygii,Vertebrate,Higher carnivore,Piscivore,Least Concern,,non-endemic
Seriola lalandi,Actinopterygii,Vertebrate,Higher carnivore,Piscivore,Least Concern,,endemic
Trachurus declivis,Actinopterygii,Vertebrate,Higher carnivore,Piscivore,Least Concern,,non-endemic
Trachurus novaezelandiae,Actinopterygii,Vertebrate,Higher carnivore,Piscivore,Least Concern,,non-endemic
Amphichaetodon howensis,Actinopterygii,Vertebrate,Benthic invertivore,Invertivore,Least Concern,,non-endemic
Chaetodon adiergastos,Actinopterygii,Vertebrate,Corallivore,Invertivore,Least Concern,,non-endemic
Chaetodon assarius,Actinopterygii,Vertebrate,Benthic invertivore,Invertivore,Least Concern,,non-endemic
Chaetodon aureofasciatus,Actinopterygii,Vertebrate,Corallivore,Invertivore,Least Concern,,non-endemic
Chaetodon auriga,Actinopterygii,Vertebrate,Corallivore,Invertivore,Least Concern,,non-endemic
Chaetodon baronessa,Actinopterygii,Vertebrate,Corallivore,Invertivore,Least Concern,,non-endemic
Chaetodon bennetti,Actinopterygii,Vertebrate,Corallivore,Invertivore,Data Deficient,,non-endemic
Chaetodon citrinellus,Actinopterygii,Vertebrate,Corallivore,Invertivore,Least Concern,,non-endemic
Chaetodon ephippium,Actinopterygii,Vertebrate,Corallivore,Invertivore,Least Concern,,non-endemic
Chaetodon flavirostris,Actinopterygii,Vertebrate,Corallivore,Invertivore,Least Concern,,non-endemic
Chaetodon guentheri,Actinopterygii,Vertebrate,Corallivore,Invertivore,Least Concern,,endemic
Chaetodon kleinii,Actinopterygii,Vertebrate,Corallivore,Invertivore,Least Concern,,non-endemic
Chaetodon lineolatus,Actinopterygii,Vertebrate,Corallivore,Invertivore,Least Concern,,non-endemic
Chaetodon lunula,Actinopterygii,Vertebrate,Corallivore,Invertivore,Least Concern,,non-endemic
Chaetodon lunulatus,Actinopterygii,Vertebrate,Benthic invertivore,Invertivore,Least Concern,,non-endemic
Chaetodon melannotus,Actinopterygii,Vertebrate,Benthic invertivore,Invertivore,Least Concern,,non-endemic
Chaetodon mertensii,Actinopterygii,Vertebrate,Benthic invertivore,Invertivore,Least Concern,,non-endemic
Chaetodon meyeri,Actinopterygii,Vertebrate,Corallivore,Invertivore,Least Concern,,non-endemic
Chaetodon ornatissimus,Actinopterygii,Vertebrate,Corallivore,Invertivore,Least Concern,,non-endemic
Chaetodon pelewensis,Actinopterygii,Vertebrate,Corallivore,Invertivore,Least Concern,,non-endemic
Chaetodon plebeius,Actinopterygii,Vertebrate,Corallivore,Invertivore,Least Concern,,non-endemic
Chaetodon punctatofasciatus,Actinopterygii,Vertebrate,Benthic invertivore,Invertivore,Least Concern,,non-endemic
Chaetodon rafflesii,Actinopterygii,Vertebrate,Corallivore,Invertivore,Least Concern,,non-endemic
Chaetodon rainfordi,Actinopterygii,Vertebrate,Corallivore,Invertivore,Near Threatened,,non-endemic
Chaetodon reticulatus,Actinopterygii,Vertebrate,Corallivore,Invertivore,Data Deficient,,non-endemic
Chaetodon speculum,Actinopterygii,Vertebrate,Corallivore,Invertivore,Least Concern,,non-endemic
Chaetodon tricinctus,Actinopterygii,Vertebrate,Benthic invertivore,Invertivore,Least Concern,,endemic
Chaetodon trifascialis,Actinopterygii,Vertebrate,Corallivore,Invertivore,Near Threatened,,non-endemic
Chaetodon ulietensis,Actinopterygii,Vertebrate,Benthic invertivore,Invertivore,Least Concern,,non-endemic
Chaetodon unimaculatus,Actinopterygii,Vertebrate,Benthic invertivore,Invertivore,Least Concern,,non-endemic
Chaetodon vagabundus,Actinopterygii,Vertebrate,Corallivore,Invertivore,Least Concern,,non-endemic
Chelmon marginalis,Actinopterygii,Vertebrate,Corallivore,Invertivore,Least Concern,,endemic
Chelmon rostratus,Actinopterygii,Vertebrate,Benthic invertivore,Invertivore,Least Concern,,non-endemic
Chelmonops curiosus,Actinopterygii,Vertebrate,Benthic invertivore,Invertivore,Least Concern,,endemic
Chelmonops truncatus,Actinopterygii,Vertebrate,Benthic invertivore,Invertivore,Least Concern,,endemic
Forcipiger flavissimus,Actinopterygii,Vertebrate,Benthic invertivore,Invertivore,Least Concern,,non-endemic
Hemitaurichthys polylepis,Actinopterygii,Vertebrate,Benthic invertivore,Invertivore,Least Concern,,non-endemic
Heniochus acuminatus,Actinopterygii,Vertebrate,Planktivore,Invertivore,Least Concern,,non-endemic
Heniochus chrysostomus,Actinopterygii,Vertebrate,Benthic invertivore,Invertivore,Least Concern,,non-endemic
Heniochus monoceros,Actinopterygii,Vertebrate,Benthic invertivore,Invertivore,Least Concern,,non-endemic
Heniochus varius,Actinopterygii,Vertebrate,Benthic invertivore,Invertivore,Least Concern,,non-endemic
Cheilodactylus ephippium,Actinopterygii,Vertebrate,Benthic invertivore,Invertivore,,,non-endemic
Cheilodactylus fuscus,Actinopterygii,Vertebrate,Benthic invertivore,Invertivore,,,non-endemic
Cheilodactylus gibbosus,Actinopterygii,Vertebrate,Benthic invertivore,Invertivore,,,endemic
Cheilodactylus rubrolabiatus,Actinopterygii,Vertebrate,Benthic invertivore,Invertivore,,,endemic
Cheilodactylus spectabilis,Actinopterygii,Vertebrate,Benthic invertivore,Invertivore,,,non-endemic
Cheilodactylus vestitus,Actinopterygii,Vertebrate,Benthic invertivore,Invertivore,,,endemic
Dactylophora nigricans,Actinopterygii,Vertebrate,Benthic invertivore,Invertivore,,,endemic
Nemadactylus douglasii,Actinopterygii,Vertebrate,Benthic invertivore,Invertivore,,,non-endemic
Pseudogoniistius nigripes,Actinopterygii,Vertebrate,Benthic invertivore,Invertivore,Least Concern,,endemic
Chironemus maculosus,Actinopterygii,Vertebrate,Benthic invertivore,Invertivore,,,endemic
Chironemus marmoratus,Actinopterygii,Vertebrate,Benthic invertivore,Invertivore,,,non-endemic
Cirrhitichthys aprinus,Actinopterygii,Vertebrate,Benthic invertivore,Invertivore,Least Concern,,non-endemic
Cirrhitichthys falco,Actinopterygii,Vertebrate,Benthic invertivore,Invertivore,Least Concern,,non-endemic
Cirrhitichthys oxycephalus,Actinopterygii,Vertebrate,Benthic invertivore,Invertivore,Least Concern,,non-endemic
Notocirrhitus splendens,Actinopterygii,Vertebrate,Higher carnivore,Piscivore,Least Concern,,non-endemic
Paracirrhites arcatus,Actinopterygii,Vertebrate,Benthic invertivore,Invertivore,Least Concern,,non-endemic
Paracirrhites forsteri,Actinopterygii,Vertebrate,Higher carnivore,Piscivore,Least Concern,,non-endemic
Heteroclinus johnstoni,Actinopterygii,Vertebrate,Benthic invertivore,Invertivore,Least Concern,,endemic
Heteroclinus perspicillatus,Actinopterygii,Vertebrate,Benthic invertivore,Invertivore,Least Concern,,endemic
Heteroclinus roseus,Actinopterygii,Vertebrate,Benthic invertivore,Invertivore,Least Concern,,endemic
Heteroclinus tristis,Actinopterygii,Vertebrate,Higher carnivore,Piscivore,Least Concern,,endemic
Heteroclinus whiteleggii,Actinopterygii,Vertebrate,Benthic invertivore,Invertivore,Least Concern,,endemic
Limnichthys fasciatus,Actinopterygii,Vertebrate,Benthic invertivore,Invertivore,Least Concern,,non-endemic
Neotrygon kuhlii,Actinopterygii,Vertebrate,Benthic invertivore,Invertivore,Data Deficient,,non-endemic
Taeniura lymma,Actinopterygii,Vertebrate,Benthic invertivore,Invertivore,Least Concern,,non-endemic
Dinolestes lewini,Actinopterygii,Vertebrate,Higher carnivore,Piscivore,,,endemic
Dicotylichthys punctulatus,Actinopterygii,Vertebrate,Benthic invertivore,Invertivore,,,endemic
Diodon hystrix,Actinopterygii,Vertebrate,Benthic invertivore,Invertivore,Least Concern,,non-endemic
Diodon nicthemerus,Actinopterygii,Vertebrate,Benthic invertivore,Invertivore,,,endemic
Echeneis naucrates,Actinopterygii,Vertebrate,Higher carnivore,Piscivore,Least Concern,,non-endemic
Enoplosus armatus,Actinopterygii,Vertebrate,Benthic invertivore,Invertivore,Least Concern,,endemic
Platax teira,Actinopterygii,Vertebrate,Omnivore,Herbivore,Least Concern,,non-endemic
Fistularia commersonii,Actinopterygii,Vertebrate,Higher carnivore,Piscivore,Least Concern,,non-endemic
Gerres subfasciatus,Actinopterygii,Vertebrate,Benthic invertivore,Invertivore,Least Concern,,endemic
Parequula melbournensis,Actinopterygii,Vertebrate,Benthic invertivore,Invertivore,,,endemic
Glaucosoma hebraicum,Actinopterygii,Vertebrate,Higher carnivore,Piscivore,,,endemic
Aspasmogaster costata,Actinopterygii,Vertebrate,Benthic invertivore,Invertivore,,,endemic
Cochleoceps orientalis,Actinopterygii,Vertebrate,Benthic invertivore,Invertivore,,,endemic
Diademichthys lineatus,Actinopterygii,Vertebrate,Benthic invertivore,Invertivore,Least Concern,,non-endemic
Aioliops novaeguineae,Actinopterygii,Vertebrate,Planktivore,Invertivore,,,non-endemic
Amblyeleotris guttata,Actinopterygii,Vertebrate,Benthic invertivore,Invertivore,Least Concern,,non-endemic
Amblyeleotris steinitzi,Actinopterygii,Vertebrate,Benthic invertivore,Invertivore,Least Concern,,non-endemic
Amblyeleotris wheeleri,Actinopterygii,Vertebrate,Benthic invertivore,Invertivore,Least Concern,,non-endemic
Amblygobius decussatus,Actinopterygii,Vertebrate,Omnivore,Herbivore,Least Concern,,non-endemic
Amblygobius nocturnus,Actinopterygii,Vertebrate,Omnivore,Herbivore,Least Concern,,non-endemic
Amblygobius phalaena,Actinopterygii,Vertebrate,Omnivore,Herbivore,Least Concern,,non-endemic
Asterropteryx semipunctata,Actinopterygii,Vertebrate,Browsing herbivore,Herbivore,Least Concern,,non-endemic
Cryptocentrus strigilliceps,Actinopterygii,Vertebrate,Benthic invertivore,Invertivore,Least Concern,,non-endemic
Ctenogobiops mitodes,Actinopterygii,Vertebrate,Benthic invertivore,Invertivore,,,non-endemic
Ctenogobiops pomastictus,Actinopterygii,Vertebrate,Benthic invertivore,Invertivore,Least Concern,,non-endemic
Eviota atriventris,Actinopterygii,Vertebrate,Benthic invertivore,Invertivore,Least Concern,,non-endemic
Eviota guttata,Actinopterygii,Vertebrate,Benthic invertivore,Invertivore,Least Concern,,non-endemic
Eviota hoesei,Actinopterygii,Vertebrate,Benthic invertivore,Invertivore,,,non-endemic
Eviota melasma,Actinopterygii,Vertebrate,Benthic invertivore,Invertivore,Least Concern,,non-endemic
Eviota prasites,Actinopterygii,Vertebrate,Benthic invertivore,Invertivore,Least Concern,,non-endemic
Eviota sebreei,Actinopterygii,Vertebrate,Benthic invertivore,Invertivore,Least Concern,,non-endemic
Eviota sigillata,Actinopterygii,Vertebrate,Benthic invertivore,Invertivore,Least Concern,,non-endemic
Eviota storthynx,Actinopterygii,Vertebrate,Benthic invertivore,Invertivore,Least Concern,,non-endemic
Exallias brevis,Actinopterygii,Vertebrate,Benthic invertivore,Invertivore,Least Concern,,non-endemic
Exyrias belissimus,Actinopterygii,Vertebrate,Benthic invertivore,Invertivore,Least Concern,,non-endemic
Fusigobius duospilus,Actinopterygii,Vertebrate,Omnivore,Herbivore,Least Concern,,non-endemic
Fusigobius neophytus,Actinopterygii,Vertebrate,Benthic invertivore,Invertivore,Least Concern,,non-endemic
Fusigobius signipinnis,Actinopterygii,Vertebrate,Benthic invertivore,Invertivore,Least Concern,,non-endemic
Gnatholepis anjerensis,Actinopterygii,Vertebrate,Omnivore,Herbivore,Least Concern,,non-endemic
Gnatholepis cauerensis,Actinopterygii,Vertebrate,Omnivore,Herbivore,Least Concern,,non-endemic
Gobiodon citrinus,Actinopterygii,Vertebrate,Benthic invertivore,Invertivore,Least Concern,,non-endemic
Gobiodon histrio,Actinopterygii,Vertebrate,Benthic invertivore,Invertivore,Least Concern,,non-endemic
Istigobius decoratus,Actinopterygii,Vertebrate,Omnivore,Herbivore,Least Concern,,non-endemic
Istigobius goldmanni,Actinopterygii,Vertebrate,Omnivore,Herbivore,Least Concern,,non-endemic
Istigobius hoesei,Actinopterygii,Vertebrate,Omnivore,Herbivore,,,endemic
Istigobius rigilius,Actinopterygii,Vertebrate,Omnivore,Herbivore,Least Concern,,non-endemic
Koumansetta rainfordi,Actinopterygii,Vertebrate,Omnivore,Herbivore,Least Concern,,non-endemic
Signigobius biocellatus,Actinopterygii,Vertebrate,Benthic invertivore,Invertivore,Least Concern,,non-endemic
Valenciennea muralis,Actinopterygii,Vertebrate,Benthic invertivore,Invertivore,Least Concern,,non-endemic
Valenciennea strigata,Actinopterygii,Vertebrate,Benthic invertivore,Invertivore,Least Concern,,non-endemic
Diagramma pictum,Actinopterygii,Vertebrate,Benthic invertivore,Invertivore,,,non-endemic
Plectorhinchus chaetodonoides,Actinopterygii,Vertebrate,Benthic invertivore,Invertivore,,,non-endemic
Plectorhinchus flavomaculatus,Actinopterygii,Vertebrate,Benthic invertivore,Invertivore,,,non-endemic
Plectorhinchus multivittatus,Actinopterygii,Vertebrate,Benthic invertivore,Invertivore,,,endemic
Plectorhinchus picus,Actinopterygii,Vertebrate,Benthic invertivore,Invertivore,,,non-endemic
Myripristis berndti,Actinopterygii,Vertebrate,Planktivore,Invertivore,Least Concern,,non-endemic
Myripristis hexagona,Actinopterygii,Vertebrate,Planktivore,Invertivore,Least Concern,,non-endemic
Myripristis kuntee,Actinopterygii,Vertebrate,Planktivore,Invertivore,Least Concern,,non-endemic
Myripristis murdjan,Actinopterygii,Vertebrate,Planktivore,Invertivore,Least Concern,,non-endemic
Myripristis violacea,Actinopterygii,Vertebrate,Planktivore,Invertivore,Least Concern,,non-endemic
Myripristis vittata,Actinopterygii,Vertebrate,Planktivore,Invertivore,Least Concern,,non-endemic
Neoniphon sammara,Actinopterygii,Vertebrate,Benthic invertivore,Invertivore,Least Concern,,non-endemic
Sargocentron caudimaculatum,Actinopterygii,Vertebrate,Planktivore,Invertivore,Least Concern,,non-endemic
Sargocentron diadema,Actinopterygii,Vertebrate,Planktivore,Invertivore,Least Concern,,non-endemic
Sargocentron rubrum,Actinopterygii,Vertebrate,Benthic invertivore,Invertivore,Least Concern,,non-endemic
Sargocentron spiniferum,Actinopterygii,Vertebrate,Planktivore,Invertivore,Least Concern,,non-endemic
Hypnos monopterygius,Actinopterygii,Vertebrate,Benthic invertivore,Invertivore,Least Concern,,endemic
Girella cyanea,Actinopterygii,Vertebrate,Browsing herbivore,Herbivore,,,non-endemic
Girella elevata,Actinopterygii,Vertebrate,Browsing herbivore,Herbivore,,,endemic
Girella tricuspidata,Actinopterygii,Vertebrate,Browsing herbivore,Herbivore,,,non-endemic
Girella zebra,Actinopterygii,Vertebrate,Browsing herbivore,Herbivore,,,endemic
Kyphosus bigibbus,Actinopterygii,Vertebrate,Browsing herbivore,Herbivore,Least Concern,,non-endemic
Kyphosus cinerascens,Actinopterygii,Vertebrate,Browsing herbivore,Herbivore,Least Concern,,non-endemic
Kyphosus cornelii,Actinopterygii,Vertebrate,Browsing herbivore,Herbivore,,,endemic
Kyphosus sectatrix,Actinopterygii,Vertebrate,Browsing herbivore,Herbivore,Least Concern,,non-endemic
Kyphosus sydneyanus,Actinopterygii,Vertebrate,Browsing herbivore,Herbivore,,,non-endemic
Kyphosus vaigiensis,Actinopterygii,Vertebrate,Browsing herbivore,Herbivore,Least Concern,,non-endemic
Neatypus obliquus,Actinopterygii,Vertebrate,Browsing herbivore,Herbivore,,,endemic
Achoerodus gouldii,Actinopterygii,Vertebrate,Benthic invertivore,Invertivore,Vulnerable,A2bd,endemic
Achoerodus viridis,Actinopterygii,Vertebrate,Benthic invertivore,Invertivore,Near Threatened,,endemic
Anampses caeruleopunctatus,Actinopterygii,Vertebrate,Benthic invertivore,Invertivore,Least Concern,,non-endemic
Anampses elegans,Actinopterygii,Vertebrate,Benthic invertivore,Invertivore,Least Concern,,non-endemic
Anampses femininus,Actinopterygii,Vertebrate,Benthic invertivore,Invertivore,Least Concern,,non-endemic
Anampses geographicus,Actinopterygii,Vertebrate,Benthic invertivore,Invertivore,Least Concern,,non-endemic
Anampses meleagrides,Actinopterygii,Vertebrate,Benthic invertivore,Invertivore,Least Concern,,non-endemic
Anampses neoguinaicus,Actinopterygii,Vertebrate,Benthic invertivore,Invertivore,Least Concern,,non-endemic
Anampses twistii,Actinopterygii,Vertebrate,Benthic invertivore,Invertivore,Least Concern,,non-endemic
Austrolabrus maculatus,Actinopterygii,Vertebrate,Benthic invertivore,Invertivore,Least Concern,,endemic
Bodianus axillaris,Actinopterygii,Vertebrate,Benthic invertivore,Invertivore,Least Concern,,non-endemic
Bodianus frenchii,Actinopterygii,Vertebrate,Benthic invertivore,Invertivore,Near Threatened,,endemic
Bodianus mesothorax,Actinopterygii,Vertebrate,Benthic invertivore,Invertivore,Least Concern,,non-endemic
Bolbometopon muricatum,Actinopterygii,Vertebrate,Excavator,Herbivore,Vulnerable,A2d,non-endemic
Cetoscarus ocellatus,Actinopterygii,Vertebrate,Scraping herbivore,Herbivore,Least Concern,,non-endemic
Cheilinus chlorourus,Actinopterygii,Vertebrate,Benthic invertivore,Invertivore,Least Concern,,non-endemic
Cheilinus fasciatus,Actinopterygii,Vertebrate,Benthic invertivore,Invertivore,Least Concern,,non-endemic
Cheilinus oxycephalus,Actinopterygii,Vertebrate,Benthic invertivore,Invertivore,Least Concern,,non-endemic
Cheilinus trilobatus,Actinopterygii,Vertebrate,Benthic invertivore,Invertivore,Least Concern,,non-endemic
Cheilinus undulatus,Actinopterygii,Vertebrate,Benthic invertivore,Invertivore,Endangered,A2bd+3bd,non-endemic
Cheilio inermis,Actinopterygii,Vertebrate,Benthic invertivore,Invertivore,Least Concern,,non-endemic
Chlorurus bleekeri,Actinopterygii,Vertebrate,Excavator,Herbivore,Least Concern,,non-endemic
Chlorurus microrhinos,Actinopterygii,Vertebrate,Excavator,Herbivore,Least Concern,,non-endemic
Chlorurus sordidus,Actinopterygii,Vertebrate,Excavator,Herbivore,Least Concern,,non-endemic
Choerodon cauteroma,Actinopterygii,Vertebrate,Benthic invertivore,Invertivore,Least Concern,,endemic
Choerodon cyanodus,Actinopterygii,Vertebrate,Benthic invertivore,Invertivore,Least Concern,,non-endemic
Choerodon fasciatus,Actinopterygii,Vertebrate,Benthic invertivore,Invertivore,Least Concern,,non-endemic
Choerodon graphicus,Actinopterygii,Vertebrate,Benthic invertivore,Invertivore,Least Concern,,non-endemic
Choerodon rubescens,Actinopterygii,Vertebrate,Benthic invertivore,Invertivore,Least Concern,,endemic
Choerodon schoenleinii,Actinopterygii,Vertebrate,Benthic invertivore,Invertivore,Near Threatened,,non-endemic
Cirrhilabrus exquisitus,Actinopterygii,Vertebrate,Planktivore,Invertivore,Data Deficient,,non-endemic
Cirrhilabrus punctatus,Actinopterygii,Vertebrate,Benthic invertivore,Invertivore,Least Concern,,non-endemic
Coris auricularis,Actinopterygii,Vertebrate,Benthic invertivore,Invertivore,Least Concern,,endemic
Coris aurilineata,Actinopterygii,Vertebrate,Benthic invertivore,Invertivore,Least Concern,,endemic
Coris aygula,Actinopterygii,Vertebrate,Benthic invertivore,Invertivore,Least Concern,,non-endemic
Coris batuensis,Actinopterygii,Vertebrate,Benthic invertivore,Invertivore,Least Concern,,non-endemic
Coris bulbifrons,Actinopterygii,Vertebrate,Benthic invertivore,Invertivore,Vulnerable,"B2ab(ii,v)",endemic
Coris caudimacula,Actinopterygii,Vertebrate,Benthic invertivore,Invertivore,Least Concern,,non-endemic
Coris dorsomacula,Actinopterygii,Vertebrate,Benthic invertivore,Invertivore,Least Concern,,non-endemic
Coris gaimard,Actinopterygii,Vertebrate,Benthic invertivore,Invertivore,Least Concern,,non-endemic
Coris picta,Actinopterygii,Vertebrate,Benthic invertivore,Invertivore,Least Concern,,non-endemic
Coris sandeyeri,Actinopterygii,Vertebrate,Benthic invertivore,Invertivore,Least Concern,,non-endemic
Dotalabrus alleni,Actinopterygii,Vertebrate,Benthic invertivore,Invertivore,Least Concern,,endemic
Dotalabrus aurantiacus,Actinopterygii,Vertebrate,Benthic invertivore,Invertivore,Least Concern,,endemic
Epibulus insidiator,Actinopterygii,Vertebrate,Benthic invertivore,Invertivore,Least Concern,,non-endemic
Eupetrichthys angustipes,Actinopterygii,Vertebrate,Benthic invertivore,Invertivore,Least Concern,,endemic
Gomphosus varius,Actinopterygii,Vertebrate,Benthic invertivore,Invertivore,Least Concern,,non-endemic
Haletta semifasciata,Actinopterygii,Vertebrate,Omnivore,Herbivore,Least Concern,,endemic
Halichoeres biocellatus,Actinopterygii,Vertebrate,Benthic invertivore,Invertivore,Least Concern,,non-endemic
Halichoeres brownfieldi,Actinopterygii,Vertebrate,Benthic invertivore,Invertivore,Least Concern,,endemic
Halichoeres chloropterus,Actinopterygii,Vertebrate,Benthic invertivore,Invertivore,Least Concern,,non-endemic
Halichoeres chrysus,Actinopterygii,Vertebrate,Benthic invertivore,Invertivore,Least Concern,,non-endemic
Halichoeres hortulanus,Actinopterygii,Vertebrate,Benthic invertivore,Invertivore,Least Concern,,non-endemic
Halichoeres margaritaceus,Actinopterygii,Vertebrate,Benthic invertivore,Invertivore,Least Concern,,non-endemic
Halichoeres marginatus,Actinopterygii,Vertebrate,Benthic invertivore,Invertivore,Least Concern,,non-endemic
Halichoeres melanochir,Actinopterygii,Vertebrate,Benthic invertivore,Invertivore,Least Concern,,non-endemic
Halichoeres melanurus,Actinopterygii,Vertebrate,Benthic invertivore,Invertivore,Least Concern,,non-endemic
Halichoeres nebulosus,Actinopterygii,Vertebrate,Benthic invertivore,Invertivore,Least Concern,,non-endemic
Halichoeres nigrescens,Actinopterygii,Vertebrate,Benthic invertivore,Invertivore,Least Concern,,non-endemic
Halichoeres prosopeion,Actinopterygii,Vertebrate,Benthic invertivore,Invertivore,Least Concern,,non-endemic
Halichoeres trimaculatus,Actinopterygii,Vertebrate,Benthic invertivore,Invertivore,Least Concern,,non-endemic
Hemigymnus fasciatus,Actinopterygii,Vertebrate,Benthic invertivore,Invertivore,Least Concern,,non-endemic
Hemigymnus melapterus,Actinopterygii,Vertebrate,Benthic invertivore,Invertivore,Least Concern,,non-endemic
Heteroscarus acroptilus,Actinopterygii,Vertebrate,Omnivore,Herbivore,Least Concern,,non-endemic
Hipposcarus longiceps,Actinopterygii,Vertebrate,Scraping herbivore,Herbivore,Least Concern,,non-endemic
Hologymnosus annulatus,Actinopterygii,Vertebrate,Higher carnivore,Piscivore,Least Concern,,non-endemic
Hologymnosus doliatus,Actinopterygii,Vertebrate,Higher carnivore,Piscivore,Least Concern,,non-endemic
Labrichthys unilineatus,Actinopterygii,Vertebrate,Corallivore,Invertivore,Least Concern,,non-endemic
Labroides bicolor,Actinopterygii,Vertebrate,Cleaner,Invertivore,Least Concern,,non-endemic
Labroides dimidiatus,Actinopterygii,Vertebrate,Cleaner,Invertivore,Least Concern,,non-endemic
Labroides pectoralis,Actinopterygii,Vertebrate,Benthic invertivore,Invertivore,Least Concern,,non-endemic
Labropsis australis,Actinopterygii,Vertebrate,Corallivore,Invertivore,Least Concern,,non-endemic
Leptojulis cyanopleura,Actinopterygii,Vertebrate,Benthic invertivore,Invertivore,Least Concern,,non-endemic
Macropharyngodon meleagris,Actinopterygii,Vertebrate,Benthic invertivore,Invertivore,Least Concern,,non-endemic
Macropharyngodon negrosensis,Actinopterygii,Vertebrate,Benthic invertivore,Invertivore,Least Concern,,non-endemic
Macropharyngodon ornatus,Actinopterygii,Vertebrate,Benthic invertivore,Invertivore,Least Concern,,non-endemic
Neoodax balteatus,Actinopterygii,Vertebrate,Omnivore,Herbivore,Least Concern,,endemic
Notolabrus fucicola,Actinopterygii,Vertebrate,Benthic invertivore,Invertivore,Least Concern,,non-endemic
Notolabrus gymnogenis,Actinopterygii,Vertebrate,Benthic invertivore,Invertivore,Least Concern,,endemic
Notolabrus inscriptus,Actinopterygii,Vertebrate,Benthic invertivore,Invertivore,Least Concern,,non-endemic
Notolabrus parilus,Actinopterygii,Vertebrate,Benthic invertivore,Invertivore,Least Concern,,endemic
Notolabrus tetricus,Actinopterygii,Vertebrate,Benthic invertivore,Invertivore,Least Concern,,endemic
Novaculichthys taeniourus,Actinopterygii,Vertebrate,Benthic invertivore,Invertivore,Least Concern,,non-endemic
Olisthops cyanomelas,Actinopterygii,Vertebrate,Browsing herbivore,Herbivore,Least Concern,,endemic
Ophthalmolepis lineolatus,Actinopterygii,Vertebrate,Benthic invertivore,Invertivore,,,endemic
Oxycheilinus bimaculatus,Actinopterygii,Vertebrate,Benthic invertivore,Invertivore,Least Concern,,non-endemic
Oxycheilinus digramma,Actinopterygii,Vertebrate,Benthic invertivore,Invertivore,Least Concern,,non-endemic
Oxycheilinus unifasciatus,Actinopterygii,Vertebrate,Benthic invertivore,Invertivore,Least Concern,,non-endemic
Pictilabrus laticlavius,Actinopterygii,Vertebrate,Benthic invertivore,Invertivore,Least Concern,,endemic
Pictilabrus viridis,Actinopterygii,Vertebrate,Benthic invertivore,Invertivore,Least Concern,,endemic
Pseudocheilinus evanidus,Actinopterygii,Vertebrate,Benthic invertivore,Invertivore,Least Concern,,non-endemic
Pseudocheilinus hexataenia,Actinopterygii,Vertebrate,Benthic invertivore,Invertivore,Least Concern,,non-endemic
Pseudolabrus biserialis,Actinopterygii,Vertebrate,Benthic invertivore,Invertivore,Least Concern,,endemic
Pseudolabrus guentheri,Actinopterygii,Vertebrate,Benthic invertivore,Invertivore,Least Concern,,endemic
Pseudolabrus luculentus,Actinopterygii,Vertebrate,Benthic invertivore,Invertivore,Least Concern,,non-endemic
Pseudolabrus rubicundus,Actinopterygii,Vertebrate,Benthic invertivore,Invertivore,,,endemic
Scarus altipinnis,Actinopterygii,Vertebrate,Scraping herbivore,Herbivore,Least Concern,,non-endemic
Scarus chameleon,Actinopterygii,Vertebrate,Scraping herbivore,Herbivore,Least Concern,,non-endemic
Scarus dimidiatus,Actinopterygii,Vertebrate,Scraping herbivore,Herbivore,Least Concern,,non-endemic
Scarus flavipectoralis,Actinopterygii,Vertebrate,Scraping herbivore,Herbivore,Least Concern,,non-endemic
Scarus forsteni,Actinopterygii,Vertebrate,Scraping herbivore,Herbivore,Least Concern,,non-endemic
Scarus frenatus,Actinopterygii,Vertebrate,Scraping herbivore,Herbivore,Least Concern,,non-endemic
Scarus ghobban,Actinopterygii,Vertebrate,Scraping herbivore,Herbivore,Least Concern,,non-endemic
Scarus globiceps,Actinopterygii,Vertebrate,Scraping herbivore,Herbivore,Least Concern,,non-endemic
Scarus longipinnis,Actinopterygii,Vertebrate,Scraping herbivore,Herbivore,Least Concern,,non-endemic
Scarus niger,Actinopterygii,Vertebrate,Scraping herbivore,Herbivore,Least Concern,,non-endemic
Scarus oviceps,Actinopterygii,Vertebrate,Scraping herbivore,Herbivore,Least Concern,,non-endemic
Scarus prasiognathos,Actinopterygii,Vertebrate,Scraping herbivore,Herbivore,Least Concern,,non-endemic
Scarus psittacus,Actinopterygii,Vertebrate,Scraping herbivore,Herbivore,Least Concern,,non-endemic
Scarus rivulatus,Actinopterygii,Vertebrate,Scraping herbivore,Herbivore,Least Concern,,non-endemic
Scarus rubroviolaceus,Actinopterygii,Vertebrate,Scraping herbivore,Herbivore,Least Concern,,non-endemic
Scarus schlegeli,Actinopterygii,Vertebrate,Scraping herbivore,Herbivore,Least Concern,,non-endemic
Scarus spinus,Actinopterygii,Vertebrate,Scraping herbivore,Herbivore,Least Concern,,non-endemic
Siphonognathus beddomei,Actinopterygii,Vertebrate,Omnivore,Herbivore,Least Concern,,endemic
Siphonognathus caninis,Actinopterygii,Vertebrate,Omnivore,Herbivore,Least Concern,,endemic
Stethojulis bandanensis,Actinopterygii,Vertebrate,Benthic invertivore,Invertivore,Least Concern,,non-endemic
Stethojulis interrupta,Actinopterygii,Vertebrate,Benthic invertivore,Invertivore,Least Concern,,non-endemic
Stethojulis strigiventer,Actinopterygii,Vertebrate,Benthic invertivore,Invertivore,Least Concern,,non-endemic
Suezichthys arquatus,Actinopterygii,Vertebrate,Benthic invertivore,Invertivore,Least Concern,,endemic
Suezichthys cyanolaemus,Actinopterygii,Vertebrate,Benthic invertivore,Invertivore,Least Concern,,endemic
Thalassoma amblycephalum,Actinopterygii,Vertebrate,Planktivore,Invertivore,Least Concern,,non-endemic
Thalassoma hardwicke,Actinopterygii,Vertebrate,Benthic invertivore,Invertivore,Least Concern,,non-endemic
Thalassoma jansenii,Actinopterygii,Vertebrate,Benthic invertivore,Invertivore,Least Concern,,non-endemic
Thalassoma lunare,Actinopterygii,Vertebrate,Benthic invertivore,Invertivore,Least Concern,,non-endemic
Thalassoma lutescens,Actinopterygii,Vertebrate,Benthic invertivore,Invertivore,Least Concern,,non-endemic
Thalassoma nigrofasciatum,Actinopterygii,Vertebrate,Planktivore,Invertivore,Least Concern,,non-endemic
Thalassoma purpureum,Actinopterygii,Vertebrate,Benthic invertivore,Invertivore,Least Concern,,non-endemic
Thalassoma quinquevittatum,Actinopterygii,Vertebrate,Planktivore,Invertivore,Least Concern,,non-endemic
Thalassoma septemfasciatum,Actinopterygii,Vertebrate,Planktivore,Invertivore,Data Deficient,,endemic
Psammoperca waigiensis,Actinopterygii,Vertebrate,Benthic invertivore,Invertivore,,,non-endemic
Latridopsis forsteri,Actinopterygii,Vertebrate,Benthic invertivore,Invertivore,,,endemic
Gnathodentex aureolineatus,Actinopterygii,Vertebrate,Benthic invertivore,Invertivore,Least Concern,,non-endemic
Lethrinus atkinsoni,Actinopterygii,Vertebrate,Benthic invertivore,Invertivore,Least Concern,,non-endemic
Lethrinus erythropterus,Actinopterygii,Vertebrate,Higher carnivore,Piscivore,Least Concern,,non-endemic
Lethrinus miniatus,Actinopterygii,Vertebrate,Higher carnivore,Piscivore,Least Concern,,non-endemic
Lethrinus nebulosus,Actinopterygii,Vertebrate,Benthic invertivore,Invertivore,Least Concern,,non-endemic
Lethrinus obsoletus,Actinopterygii,Vertebrate,Benthic invertivore,Invertivore,Least Concern,,non-endemic
Lethrinus olivaceus,Actinopterygii,Vertebrate,Higher carnivore,Piscivore,Least Concern,,non-endemic
Monotaxis grandoculis,Actinopterygii,Vertebrate,Benthic invertivore,Invertivore,Least Concern,,non-endemic
Monotaxis heterodon,Actinopterygii,Vertebrate,Benthic invertivore,Invertivore,Least Concern,,non-endemic
Aphareus furca,Actinopterygii,Vertebrate,Higher carnivore,Piscivore,Least Concern,,non-endemic
Aprion virescens,Actinopterygii,Vertebrate,Higher carnivore,Piscivore,Least Concern,,non-endemic
Lutjanus adetii,Actinopterygii,Vertebrate,Higher carnivore,Piscivore,Least Concern,,non-endemic
Lutjanus bohar,Actinopterygii,Vertebrate,Higher carnivore,Piscivore,Least Concern,,non-endemic
Lutjanus carponotatus,Actinopterygii,Vertebrate,Higher carnivore,Piscivore,Least Concern,,non-endemic
Lutjanus decussatus,Actinopterygii,Vertebrate,Higher carnivore,Piscivore,Least Concern,,non-endemic
Lutjanus fulviflamma,Actinopterygii,Vertebrate,Higher carnivore,Piscivore,Least Concern,,non-endemic
Lutjanus gibbus,Actinopterygii,Vertebrate,Higher carnivore,Piscivore,Least Concern,,non-endemic
Lutjanus kasmira,Actinopterygii,Vertebrate,Benthic invertivore,Invertivore,Least Concern,,non-endemic
Lutjanus lemniscatus,Actinopterygii,Vertebrate,Benthic invertivore,Invertivore,Least Concern,,non-endemic
Lutjanus lutjanus,Actinopterygii,Vertebrate,Higher carnivore,Piscivore,Least Concern,,non-endemic
Lutjanus monostigma,Actinopterygii,Vertebrate,Higher carnivore,Piscivore,Least Concern,,non-endemic
Lutjanus quinquelineatus,Actinopterygii,Vertebrate,Benthic invertivore,Invertivore,Least Concern,,non-endemic
Lutjanus russellii,Actinopterygii,Vertebrate,Higher carnivore,Piscivore,Least Concern,,non-endemic
Lutjanus vitta,Actinopterygii,Vertebrate,Higher carnivore,Piscivore,Least Concern,,non-endemic
Macolor macularis,Actinopterygii,Vertebrate,Higher carnivore,Piscivore,Least Concern,,non-endemic
Macolor niger,Actinopterygii,Vertebrate,Benthic invertivore,Invertivore,Least Concern,,non-endemic
Paracaesio xanthura,Actinopterygii,Vertebrate,Planktivore,Invertivore,Least Concern,,non-endemic
Nemateleotris magnifica,Actinopterygii,Vertebrate,Planktivore,Invertivore,Least Concern,,non-endemic
Ptereleotris evides,Actinopterygii,Vertebrate,Planktivore,Invertivore,Least Concern,,non-endemic
Ptereleotris microlepis,Actinopterygii,Vertebrate,Planktivore,Invertivore,,,non-endemic
Acanthaluteres brownii,Actinopterygii,Vertebrate,Omnivore,Herbivore,Least Concern,,endemic
Acanthaluteres spilomelanurus,Actinopterygii,Vertebrate,Omnivore,Herbivore,Least Concern,,endemic
Acanthaluteres vittiger,Actinopterygii,Vertebrate,Omnivore,Herbivore,Least Concern,,endemic
Brachaluteres jacksonianus,Actinopterygii,Vertebrate,Browsing herbivore,Herbivore,Least Concern,,endemic
Cantherhines dumerilii,Actinopterygii,Vertebrate,Omnivore,Herbivore,Least Concern,,non-endemic
Cantherhines pardalis,Actinopterygii,Vertebrate,Benthic invertivore,Invertivore,Least Concern,,non-endemic
Eubalichthys bucephalus,Actinopterygii,Vertebrate,Browsing herbivore,Herbivore,Least Concern,,endemic
Eubalichthys gunnii,Actinopterygii,Vertebrate,Browsing herbivore,Herbivore,Least Concern,,endemic
Eubalichthys mosaicus,Actinopterygii,Vertebrate,Browsing herbivore,Herbivore,Least Concern,,endemic
Meuschenia australis,Actinopterygii,Vertebrate,Browsing herbivore,Herbivore,Least Concern,,endemic
Meuschenia flavolineata,Actinopterygii,Vertebrate,Browsing herbivore,Herbivore,Least Concern,,endemic
Meuschenia freycineti,Actinopterygii,Vertebrate,Browsing herbivore,Herbivore,Least Concern,,endemic
Meuschenia galii,Actinopterygii,Vertebrate,Browsing herbivore,Herbivore,Least Concern,,endemic
Meuschenia hippocrepis,Actinopterygii,Vertebrate,Browsing herbivore,Herbivore,Least Concern,,endemic
Meuschenia scaber,Actinopterygii,Vertebrate,Benthic invertivore,Invertivore,Least Concern,,non-endemic
Meuschenia trachylepis,Actinopterygii,Vertebrate,Browsing herbivore,Herbivore,Least Concern,,endemic
Meuschenia venusta,Actinopterygii,Vertebrate,Browsing herbivore,Herbivore,Least Concern,,endemic
Monacanthus chinensis,Actinopterygii,Vertebrate,Browsing herbivore,Herbivore,Least Concern,,non-endemic
Nelusetta ayraud,Actinopterygii,Vertebrate,Omnivore,Herbivore,Least Concern,,endemic
Oxymonacanthus longirostris,Actinopterygii,Vertebrate,Corallivore,Invertivore,Vulnerable,A3c,non-endemic
Paraluteres prionurus,Actinopterygii,Vertebrate,Omnivore,Herbivore,Least Concern,,non-endemic
Pervagor alternans,Actinopterygii,Vertebrate,Omnivore,Herbivore,Least Concern,,non-endemic
Pervagor janthinosoma,Actinopterygii,Vertebrate,Omnivore,Herbivore,Least Concern,,non-endemic
Scobinichthys granulatus,Actinopterygii,Vertebrate,Browsing herbivore,Herbivore,Least Concern,,endemic
Monodactylus argenteus,Actinopterygii,Vertebrate,Benthic invertivore,Invertivore,Least Concern,,non-endemic
Schuettea scalaripinnis,Actinopterygii,Vertebrate,Planktivore,Invertivore,,,endemic
Schuettea woodwardi,Actinopterygii,Vertebrate,Planktivore,Invertivore,,,endemic
Lotella rhacina,Actinopterygii,Vertebrate,Higher carnivore,Piscivore,,,non-endemic
Pseudophycis bachus,Actinopterygii,Vertebrate,Higher carnivore,Piscivore,,,non-endemic
Pseudophycis barbata,Actinopterygii,Vertebrate,Higher carnivore,Piscivore,,,endemic
Mulloidichthys flavolineatus,Actinopterygii,Vertebrate,Benthic invertivore,Invertivore,Least Concern,,non-endemic
Mulloidichthys vanicolensis,Actinopterygii,Vertebrate,Benthic invertivore,Invertivore,Least Concern,,non-endemic
Parupeneus barberinoides,Actinopterygii,Vertebrate,Benthic invertivore,Invertivore,Least Concern,,non-endemic
Parupeneus barberinus,Actinopterygii,Vertebrate,Benthic invertivore,Invertivore,Least Concern,,non-endemic
Parupeneus ciliatus,Actinopterygii,Vertebrate,Benthic invertivore,Invertivore,Least Concern,,non-endemic
Parupeneus crassilabris,Actinopterygii,Vertebrate,Benthic invertivore,Invertivore,Least Concern,,non-endemic
Parupeneus cyclostomus,Actinopterygii,Vertebrate,Higher carnivore,Piscivore,Least Concern,,non-endemic
Parupeneus indicus,Actinopterygii,Vertebrate,Benthic invertivore,Invertivore,Least Concern,,non-endemic
Parupeneus multifasciatus,Actinopterygii,Vertebrate,Benthic invertivore,Invertivore,Least Concern,,non-endemic
Parupeneus pleurostigma,Actinopterygii,Vertebrate,Benthic invertivore,Invertivore,Least Concern,,non-endemic
Parupeneus spilurus,Actinopterygii,Vertebrate,Benthic invertivore,Invertivore,Least Concern,,non-endemic
Upeneichthys lineatus,Actinopterygii,Vertebrate,Benthic invertivore,Invertivore,Least Concern,,endemic
Upeneichthys vlamingii,Actinopterygii,Vertebrate,Benthic invertivore,Invertivore,,,endemic
Upeneus tragula,Actinopterygii,Vertebrate,Benthic invertivore,Invertivore,Least Concern,,non-endemic
Gymnothorax annasona,Actinopterygii,Vertebrate,Benthic invertivore,Invertivore,Least Concern,,endemic
Gymnothorax eurostus,Actinopterygii,Vertebrate,Benthic invertivore,Invertivore,Least Concern,,non-endemic
Gymnothorax javanicus,Actinopterygii,Vertebrate,Benthic invertivore,Invertivore,Least Concern,,non-endemic
Gymnothorax prasinus,Actinopterygii,Vertebrate,Benthic invertivore,Invertivore,Least Concern,,non-endemic
Gymnothorax thrysoideus,Actinopterygii,Vertebrate,Benthic invertivore,Invertivore,,,non-endemic
Pentapodus vitta,Actinopterygii,Vertebrate,Benthic invertivore,Invertivore,,,endemic
Scolopsis bilineata,Actinopterygii,Vertebrate,Benthic invertivore,Invertivore,Least Concern,,non-endemic
Scolopsis margaritifer,Actinopterygii,Vertebrate,Benthic invertivore,Invertivore,,,non-endemic
Scolopsis monogramma,Actinopterygii,Vertebrate,Benthic invertivore,Invertivore,Least Concern,,non-endemic
Anoplocapros amygdaloides,Actinopterygii,Vertebrate,Benthic invertivore,Invertivore,Least Concern,,endemic
Anoplocapros inermis,Actinopterygii,Vertebrate,Benthic invertivore,Invertivore,Least Concern,,endemic
Anoplocapros lenticularis,Actinopterygii,Vertebrate,Benthic invertivore,Invertivore,Least Concern,,endemic
Aracana aurita,Actinopterygii,Vertebrate,Benthic invertivore,Invertivore,Least Concern,,endemic
Ostracion cubicus,Actinopterygii,Vertebrate,Benthic invertivore,Invertivore,,,non-endemic
Ostracion meleagris,Actinopterygii,Vertebrate,Benthic invertivore,Invertivore,,,non-endemic
Aetapcus maculatus,Actinopterygii,Vertebrate,Benthic invertivore,Invertivore,,,endemic
Parapriacanthus elongatus,Actinopterygii,Vertebrate,Benthic invertivore,Invertivore,,,endemic
Pempheris affinis,Actinopterygii,Vertebrate,Benthic invertivore,Invertivore,,,endemic
Pempheris analis,Actinopterygii,Vertebrate,Benthic invertivore,Invertivore,,,non-endemic
Pempheris compressa,Actinopterygii,Vertebrate,Benthic invertivore,Invertivore,,,endemic
Pempheris klunzingeri,Actinopterygii,Vertebrate,Benthic invertivore,Invertivore,,,endemic
Pempheris multiradiata,Actinopterygii,Vertebrate,Benthic invertivore,Invertivore,,,endemic
Pempheris ornata,Actinopterygii,Vertebrate,Benthic invertivore,Invertivore,,,endemic
Pempheris oualensis,Actinopterygii,Vertebrate,Benthic invertivore,Invertivore,,,non-endemic
Pentaceropsis recurvirostris,Actinopterygii,Vertebrate,Benthic invertivore,Invertivore,,,endemic
Parapercis australis,Actinopterygii,Vertebrate,Benthic invertivore,Invertivore,,,non-endemic
Parapercis clathrata,Actinopterygii,Vertebrate,Benthic invertivore,Invertivore,,,non-endemic
Parapercis haackei,Actinopterygii,Vertebrate,Benthic invertivore,Invertivore,,,endemic
Parapercis queenslandica,Actinopterygii,Vertebrate,Benthic invertivore,Invertivore,,,non-endemic
Parapercis ramsayi,Actinopterygii,Vertebrate,Benthic invertivore,Invertivore,,,endemic
Parapercis stricticeps,Actinopterygii,Vertebrate,Benthic invertivore,Invertivore,,,non-endemic
Platycephalus fuscus,Actinopterygii,Vertebrate,Higher carnivore,Piscivore,,,endemic
Thysanophrys cirronasa,Actinopterygii,Vertebrate,Higher carnivore,Piscivore,,,endemic
Assessor flavissimus,Actinopterygii,Vertebrate,Benthic invertivore,Invertivore,,,non-endemic
Assessor macneilli,Actinopterygii,Vertebrate,Benthic invertivore,Invertivore,,,non-endemic
Paraplesiops meleagris,Actinopterygii,Vertebrate,Benthic invertivore,Invertivore,,,endemic
Trachinops brauni,Actinopterygii,Vertebrate,Planktivore,Invertivore,,,endemic
Trachinops caudimaculatus,Actinopterygii,Vertebrate,Planktivore,Invertivore,,,endemic
Trachinops noarlungae,Actinopterygii,Vertebrate,Planktivore,Invertivore,,,endemic
Trachinops taeniatus,Actinopterygii,Vertebrate,Planktivore,Invertivore,,,endemic
Cnidoglanis macrocephalus,Actinopterygii,Vertebrate,Benthic invertivore,Invertivore,Data Deficient,,endemic
Paraplotosus butleri,Actinopterygii,Vertebrate,Benthic invertivore,Invertivore,,,endemic
Plotosus lineatus,Actinopterygii,Vertebrate,Benthic invertivore,Invertivore,,,non-endemic
Centropyge bicolor,Actinopterygii,Vertebrate,Omnivore,Herbivore,Least Concern,,non-endemic
Centropyge bispinosa,Actinopterygii,Vertebrate,Omnivore,Herbivore,Least Concern,,non-endemic
Centropyge eibli,Actinopterygii,Vertebrate,Omnivore,Herbivore,Least Concern,,non-endemic
Centropyge flavissima,Actinopterygii,Vertebrate,Benthic invertivore,Invertivore,Least Concern,,non-endemic
Centropyge heraldi,Actinopterygii,Vertebrate,Omnivore,Herbivore,Least Concern,,non-endemic
Centropyge tibicen,Actinopterygii,Vertebrate,Browsing herbivore,Herbivore,Least Concern,,non-endemic
Centropyge vrolikii,Actinopterygii,Vertebrate,Browsing herbivore,Herbivore,Least Concern,,non-endemic
Chaetodontoplus conspicillatus,Actinopterygii,Vertebrate,Benthic invertivore,Invertivore,Least Concern,,non-endemic
Chaetodontoplus duboulayi,Actinopterygii,Vertebrate,Benthic invertivore,Invertivore,Least Concern,,non-endemic
Chaetodontoplus meredithi,Actinopterygii,Vertebrate,Benthic invertivore,Invertivore,Least Concern,,endemic
Pomacanthus imperator,Actinopterygii,Vertebrate,Benthic invertivore,Invertivore,Least Concern,,non-endemic
Pomacanthus semicirculatus,Actinopterygii,Vertebrate,Omnivore,Herbivore,Least Concern,,non-endemic
Pomacanthus sexstriatus,Actinopterygii,Vertebrate,Benthic invertivore,Invertivore,Least Concern,,non-endemic
Pygoplites diacanthus,Actinopterygii,Vertebrate,Benthic invertivore,Invertivore,Least Concern,,non-endemic
Abudefduf bengalensis,Actinopterygii,Vertebrate,Planktivore,Invertivore,Least Concern,,non-endemic
Abudefduf sexfasciatus,Actinopterygii,Vertebrate,Planktivore,Invertivore,Least Concern,,non-endemic
Abudefduf vaigiensis,Actinopterygii,Vertebrate,Planktivore,Invertivore,Least Concern,,non-endemic
Abudefduf whitleyi,Actinopterygii,Vertebrate,Planktivore,Invertivore,Least Concern,,non-endemic
Acanthochromis polyacanthus,Actinopterygii,Vertebrate,Planktivore,Invertivore,Least Concern,,non-endemic
Amblyglyphidodon aureus,Actinopterygii,Vertebrate,Planktivore,Invertivore,Least Concern,,non-endemic
Amblyglyphidodon curacao,Actinopterygii,Vertebrate,Omnivore,Herbivore,Least Concern,,non-endemic
Amblyglyphidodon leucogaster,Actinopterygii,Vertebrate,Omnivore,Herbivore,Least Concern,,non-endemic
Amphiprion akindynos,Actinopterygii,Vertebrate,Omnivore,Herbivore,Least Concern,,non-endemic
Amphiprion chrysopterus,Actinopterygii,Vertebrate,Omnivore,Herbivore,,,non-endemic
Amphiprion clarkii,Actinopterygii,Vertebrate,Planktivore,Invertivore,,,non-endemic
Amphiprion mccullochi,Actinopterygii,Vertebrate,Omnivore,Herbivore,,,endemic
Amphiprion melanopus,Actinopterygii,Vertebrate,Omnivore,Herbivore,Least Concern,,non-endemic
Amphiprion perideraion,Actinopterygii,Vertebrate,Omnivore,Herbivore,Least Concern,,non-endemic
Chromis agilis,Actinopterygii,Vertebrate,Planktivore,Invertivore,,,non-endemic
Chromis amboinensis,Actinopterygii,Vertebrate,Planktivore,Invertivore,Least Concern,,non-endemic
Chromis atripectoralis,Actinopterygii,Vertebrate,Planktivore,Invertivore,,,non-endemic
Chromis atripes,Actinopterygii,Vertebrate,Planktivore,Invertivore,Least Concern,,non-endemic
Chromis chrysura,Actinopterygii,Vertebrate,Planktivore,Invertivore,,,non-endemic
Chromis cinerascens,Actinopterygii,Vertebrate,Planktivore,Invertivore,Least Concern,,non-endemic
Chromis hypsilepis,Actinopterygii,Vertebrate,Planktivore,Invertivore,Least Concern,,non-endemic
Chromis iomelas,Actinopterygii,Vertebrate,Planktivore,Invertivore,,,non-endemic
Chromis kennensis,Actinopterygii,Vertebrate,Planktivore,Invertivore,,,non-endemic
Chromis klunzingeri,Actinopterygii,Vertebrate,Planktivore,Invertivore,,,endemic
Chromis lepidolepis,Actinopterygii,Vertebrate,Planktivore,Invertivore,,,non-endemic
Chromis margaritifer,Actinopterygii,Vertebrate,Planktivore,Invertivore,,,non-endemic
Chromis nitida,Actinopterygii,Vertebrate,Planktivore,Invertivore,,,endemic
Chromis retrofasciata,Actinopterygii,Vertebrate,Planktivore,Invertivore,,,non-endemic
Chromis ternatensis,Actinopterygii,Vertebrate,Planktivore,Invertivore,,,non-endemic
Chromis vanderbilti,Actinopterygii,Vertebrate,Planktivore,Invertivore,,,non-endemic
Chromis viridis,Actinopterygii,Vertebrate,Planktivore,Invertivore,,,non-endemic
Chromis weberi,Actinopterygii,Vertebrate,Planktivore,Invertivore,,,non-endemic
Chromis westaustralis,Actinopterygii,Vertebrate,Planktivore,Invertivore,,,endemic
Chromis xanthura,Actinopterygii,Vertebrate,Planktivore,Invertivore,,,non-endemic
Chrysiptera biocellata,Actinopterygii,Vertebrate,Planktivore,Invertivore,,,non-endemic
Chrysiptera caesifrons,Actinopterygii,Vertebrate,Planktivore,Invertivore,,,non-endemic
Chrysiptera cyanea,Actinopterygii,Vertebrate,Planktivore,Invertivore,,,non-endemic
Chrysiptera flavipinnis,Actinopterygii,Vertebrate,Planktivore,Invertivore,Least Concern,,non-endemic
Chrysiptera hemicyanea,Actinopterygii,Vertebrate,Planktivore,Invertivore,,,non-endemic
Chrysiptera notialis,Actinopterygii,Vertebrate,Planktivore,Invertivore,,,non-endemic
Chrysiptera rex,Actinopterygii,Vertebrate,Omnivore,Herbivore,,,non-endemic
Chrysiptera rollandi,Actinopterygii,Vertebrate,Omnivore,Herbivore,,,non-endemic
Chrysiptera talboti,Actinopterygii,Vertebrate,Omnivore,Herbivore,,,non-endemic
Chrysiptera taupou,Actinopterygii,Vertebrate,Planktivore,Invertivore,,,non-endemic
Dascyllus aruanus,Actinopterygii,Vertebrate,Omnivore,Herbivore,,,non-endemic
Dascyllus reticulatus,Actinopterygii,Vertebrate,Planktivore,Invertivore,,,non-endemic
Dascyllus trimaculatus,Actinopterygii,Vertebrate,Planktivore,Invertivore,,,non-endemic
Dischistodus melanotus,Actinopterygii,Vertebrate,Algal farmer,Herbivore,,,non-endemic
Dischistodus perspicillatus,Actinopterygii,Vertebrate,Algal farmer,Herbivore,,,non-endemic
Dischistodus prosopotaenia,Actinopterygii,Vertebrate,Algal farmer,Herbivore,,,non-endemic
Dischistodus pseudochrysopoecilus,Actinopterygii,Vertebrate,Algal farmer,Herbivore,,,non-endemic
Hemiglyphidodon plagiometopon,Actinopterygii,Vertebrate,Planktivore,Invertivore,,,non-endemic
Mecaenichthys immaculatus,Actinopterygii,Vertebrate,Planktivore,Invertivore,,,endemic
Neoglyphidodon melas,Actinopterygii,Vertebrate,Browsing herbivore,Herbivore,,,non-endemic
Neoglyphidodon nigroris,Actinopterygii,Vertebrate,Algal farmer,Herbivore,,,non-endemic
Neoglyphidodon polyacanthus,Actinopterygii,Vertebrate,Omnivore,Herbivore,,,non-endemic
Neopomacentrus azysron,Actinopterygii,Vertebrate,Planktivore,Invertivore,,,non-endemic
Neopomacentrus bankieri,Actinopterygii,Vertebrate,Planktivore,Invertivore,Least Concern,,non-endemic
Neopomacentrus cyanomos,Actinopterygii,Vertebrate,Planktivore,Invertivore,,,non-endemic
Parma mccullochi,Actinopterygii,Vertebrate,Browsing herbivore,Herbivore,,,endemic
Parma microlepis,Actinopterygii,Vertebrate,Browsing herbivore,Herbivore,,,endemic
Parma occidentalis,Actinopterygii,Vertebrate,Browsing herbivore,Herbivore,,,endemic
Parma oligolepis,Actinopterygii,Vertebrate,Algal farmer,Herbivore,,,endemic
Parma polylepis,Actinopterygii,Vertebrate,Algal farmer,Herbivore,,,non-endemic
Parma unifasciata,Actinopterygii,Vertebrate,Browsing herbivore,Herbivore,,,endemic
Parma victoriae,Actinopterygii,Vertebrate,Browsing herbivore,Herbivore,Least Concern,,endemic
Plectroglyphidodon dickii,Actinopterygii,Vertebrate,Benthic invertivore,Invertivore,,,non-endemic
Plectroglyphidodon johnstonianus,Actinopterygii,Vertebrate,Benthic invertivore,Invertivore,,,non-endemic
Plectroglyphidodon lacrymatus,Actinopterygii,Vertebrate,Algal farmer,Herbivore,,,non-endemic
Pomacentrus adelus,Actinopterygii,Vertebrate,Omnivore,Herbivore,,,non-endemic
Pomacentrus amboinensis,Actinopterygii,Vertebrate,Omnivore,Herbivore,,,non-endemic
Pomacentrus australis,Actinopterygii,Vertebrate,Omnivore,Herbivore,,,endemic
Pomacentrus bankanensis,Actinopterygii,Vertebrate,Omnivore,Herbivore,,,non-endemic
Pomacentrus brachialis,Actinopterygii,Vertebrate,Omnivore,Herbivore,,,non-endemic
Pomacentrus chrysurus,Actinopterygii,Vertebrate,Omnivore,Herbivore,,,non-endemic
Pomacentrus coelestis,Actinopterygii,Vertebrate,Omnivore,Herbivore,,,non-endemic
Pomacentrus grammorhynchus,Actinopterygii,Vertebrate,Algal farmer,Herbivore,,,non-endemic
Pomacentrus imitator,Actinopterygii,Vertebrate,Omnivore,Herbivore,,,non-endemic
Pomacentrus lepidogenys,Actinopterygii,Vertebrate,Omnivore,Herbivore,,,non-endemic
Pomacentrus magniseptus,Actinopterygii,Vertebrate,Planktivore,Invertivore,,,endemic
Pomacentrus milleri,Actinopterygii,Vertebrate,Omnivore,Herbivore,Least Concern,,endemic
Pomacentrus moluccensis,Actinopterygii,Vertebrate,Omnivore,Herbivore,,,non-endemic
Pomacentrus nagasakiensis,Actinopterygii,Vertebrate,Omnivore,Herbivore,,,non-endemic
Pomacentrus nigromanus,Actinopterygii,Vertebrate,Omnivore,Herbivore,,,non-endemic
Pomacentrus pavo,Actinopterygii,Vertebrate,Planktivore,Invertivore,,,non-endemic
Pomacentrus philippinus,Actinopterygii,Vertebrate,Planktivore,Invertivore,,,non-endemic
Pomacentrus sp. [rhodonotus],Actinopterygii,Vertebrate,Planktivore,Invertivore,,,non-endemic
Pomacentrus vaiuli,Actinopterygii,Vertebrate,Omnivore,Herbivore,,,non-endemic
Pomacentrus wardi,Actinopterygii,Vertebrate,Algal farmer,Herbivore,Least Concern,,endemic
Pomachromis richardsoni,Actinopterygii,Vertebrate,Planktivore,Invertivore,,,non-endemic
Premnas biaculeatus,Actinopterygii,Vertebrate,Planktivore,Invertivore,,,non-endemic
Stegastes apicalis,Actinopterygii,Vertebrate,Algal farmer,Herbivore,,,endemic
Stegastes fasciolatus,Actinopterygii,Vertebrate,Algal farmer,Herbivore,,,non-endemic
Stegastes gascoynei,Actinopterygii,Vertebrate,Algal farmer,Herbivore,Least Concern,,non-endemic
Stegastes nigricans,Actinopterygii,Vertebrate,Algal farmer,Herbivore,,,non-endemic
Stegastes obreptus,Actinopterygii,Vertebrate,Algal farmer,Herbivore,,,non-endemic
Stegastes punctatus,Actinopterygii,Vertebrate,Algal farmer,Herbivore,,,non-endemic
Cypho purpurascens,Actinopterygii,Vertebrate,Planktivore,Invertivore,Least Concern,,non-endemic
Labracinus lineatus,Actinopterygii,Vertebrate,Benthic invertivore,Invertivore,,,endemic
Ogilbyina queenslandiae,Actinopterygii,Vertebrate,Benthic invertivore,Invertivore,,,endemic
Pseudochromis fuscus,Actinopterygii,Vertebrate,Benthic invertivore,Invertivore,Least Concern,,non-endemic
Pseudochromis wilsoni,Actinopterygii,Vertebrate,Benthic invertivore,Invertivore,,,non-endemic
Centropogon australis,Actinopterygii,Vertebrate,Benthic invertivore,Invertivore,,,endemic
Neosebastes scorpaenoides,Actinopterygii,Vertebrate,Benthic invertivore,Invertivore,,,endemic
Pterois volitans,Actinopterygii,Vertebrate,Higher carnivore,Piscivore,Least Concern,,non-endemic
Scorpaena cardinalis,Actinopterygii,Vertebrate,Benthic invertivore,Invertivore,Least Concern,,non-endemic
Scorpaena cookii,Actinopterygii,Vertebrate,Benthic invertivore,Invertivore,,,non-endemic
Scorpaena jacksoniensis,Actinopterygii,Vertebrate,Benthic invertivore,Invertivore,,,endemic
Scorpaena papillosa,Actinopterygii,Vertebrate,Benthic invertivore,Invertivore,,,non-endemic
Scorpaenodes evides,Actinopterygii,Vertebrate,Higher carnivore,Piscivore,Least Concern,,non-endemic
Atypichthys latus,Actinopterygii,Vertebrate,Benthic invertivore,Invertivore,,,non-endemic
Atypichthys strigatus,Actinopterygii,Vertebrate,Planktivore,Invertivore,,,endemic
Microcanthus strigatus,Actinopterygii,Vertebrate,Planktivore,Invertivore,Least Concern,,non-endemic
Scorpis aequipinnis,Actinopterygii,Vertebrate,Planktivore,Invertivore,,,endemic
Scorpis georgiana,Actinopterygii,Vertebrate,Planktivore,Invertivore,,,endemic
Scorpis lineolata,Actinopterygii,Vertebrate,Planktivore,Invertivore,,,non-endemic
Tilodon sexfasciatus,Actinopterygii,Vertebrate,Benthic invertivore,Invertivore,,,endemic
Acanthistius cinctus,Actinopterygii,Vertebrate,Higher carnivore,Piscivore,Least Concern,,non-endemic
Acanthistius ocellatus,Actinopterygii,Vertebrate,Higher carnivore,Piscivore,Least Concern,,endemic
Aethaloperca rogaa,Actinopterygii,Vertebrate,Higher carnivore,Piscivore,Least Concern,,non-endemic
Anyperodon leucogrammicus,Actinopterygii,Vertebrate,Higher carnivore,Piscivore,Least Concern,,non-endemic
Caesioperca lepidoptera,Actinopterygii,Vertebrate,Planktivore,Invertivore,,,non-endemic
Caesioperca rasor,Actinopterygii,Vertebrate,Planktivore,Invertivore,,,endemic
Cephalopholis argus,Actinopterygii,Vertebrate,Higher carnivore,Piscivore,Least Concern,,non-endemic
Cephalopholis boenak,Actinopterygii,Vertebrate,Higher carnivore,Piscivore,Least Concern,,non-endemic
Cephalopholis cyanostigma,Actinopterygii,Vertebrate,Higher carnivore,Piscivore,Least Concern,,non-endemic
Cephalopholis leopardus,Actinopterygii,Vertebrate,Higher carnivore,Piscivore,Least Concern,,non-endemic
Cephalopholis microprion,Actinopterygii,Vertebrate,Higher carnivore,Piscivore,Least Concern,,non-endemic
Cephalopholis miniata,Actinopterygii,Vertebrate,Higher carnivore,Piscivore,Least Concern,,non-endemic
Cephalopholis urodeta,Actinopterygii,Vertebrate,Higher carnivore,Piscivore,Least Concern,,non-endemic
Chromileptes altivelis,Actinopterygii,Vertebrate,Higher carnivore,Piscivore,,,non-endemic
Diploprion bifasciatum,Actinopterygii,Vertebrate,Benthic invertivore,Invertivore,Least Concern,,non-endemic
Epinephelides armatus,Actinopterygii,Vertebrate,Higher carnivore,Piscivore,Near Threatened,,endemic
Epinephelus bilobatus,Actinopterygii,Vertebrate,Higher carnivore,Piscivore,Least Concern,,non-endemic
Epinephelus daemelii,Actinopterygii,Vertebrate,Higher carnivore,Piscivore,Near Threatened,,non-endemic
Epinephelus fasciatus,Actinopterygii,Vertebrate,Benthic invertivore,Invertivore,Least Concern,,non-endemic
Epinephelus merra,Actinopterygii,Vertebrate,Higher carnivore,Piscivore,Least Concern,,non-endemic
Epinephelus polyphekadion,Actinopterygii,Vertebrate,Higher carnivore,Piscivore,Vulnerable,A2bd,non-endemic
Epinephelus quoyanus,Actinopterygii,Vertebrate,Higher carnivore,Piscivore,Least Concern,,non-endemic
Epinephelus rivulatus,Actinopterygii,Vertebrate,Higher carnivore,Piscivore,Least Concern,,endemic
Hypoplectrodes maccullochi,Actinopterygii,Vertebrate,Benthic invertivore,Invertivore,,,endemic
Hypoplectrodes nigroruber,Actinopterygii,Vertebrate,Benthic invertivore,Invertivore,,,endemic
Othos dentex,Actinopterygii,Vertebrate,Higher carnivore,Piscivore,,,endemic
Plectropomus laevis,Actinopterygii,Vertebrate,Higher carnivore,Piscivore,Least Concern,,non-endemic
Plectropomus leopardus,Actinopterygii,Vertebrate,Higher carnivore,Piscivore,Least Concern,,non-endemic
Plectropomus maculatus,Actinopterygii,Vertebrate,Higher carnivore,Piscivore,Least Concern,,non-endemic
Pseudanthias squamipinnis,Actinopterygii,Vertebrate,Planktivore,Invertivore,Least Concern,,non-endemic
Pseudanthias tuka,Actinopterygii,Vertebrate,Planktivore,Invertivore,Least Concern,,non-endemic
Trachypoma macracanthus,Actinopterygii,Vertebrate,Higher carnivore,Piscivore,Least Concern,,non-endemic
Variola louti,Actinopterygii,Vertebrate,Higher carnivore,Piscivore,Least Concern,,non-endemic
Siganus argenteus,Actinopterygii,Vertebrate,Browsing herbivore,Herbivore,Least Concern,,non-endemic
Siganus corallinus,Actinopterygii,Vertebrate,Browsing herbivore,Herbivore,Least Concern,,non-endemic
Siganus doliatus,Actinopterygii,Vertebrate,Browsing herbivore,Herbivore,Least Concern,,non-endemic
Siganus fuscescens,Actinopterygii,Vertebrate,Browsing herbivore,Herbivore,Least Concern,,non-endemic
Siganus lineatus,Actinopterygii,Vertebrate,Browsing herbivore,Herbivore,Least Concern,,non-endemic
Siganus puellus,Actinopterygii,Vertebrate,Browsing herbivore,Herbivore,Least Concern,,non-endemic
Siganus punctatissimus,Actinopterygii,Vertebrate,Browsing herbivore,Herbivore,Least Concern,,non-endemic
Siganus punctatus,Actinopterygii,Vertebrate,Browsing herbivore,Herbivore,Least Concern,,non-endemic
Siganus trispilos,Actinopterygii,Vertebrate,Browsing herbivore,Herbivore,,,endemic
Siganus virgatus,Actinopterygii,Vertebrate,Browsing herbivore,Herbivore,Least Concern,,non-endemic
Siganus vulpinus,Actinopterygii,Vertebrate,Browsing herbivore,Herbivore,Least Concern,,non-endemic
Acanthopagrus australis,Actinopterygii,Vertebrate,Benthic invertivore,Invertivore,Least Concern,,endemic
Chrysophrys auratus,Actinopterygii,Vertebrate,Higher carnivore,Piscivore,,,non-endemic
Rhabdosargus sarba,Actinopterygii,Vertebrate,Benthic invertivore,Invertivore,Least Concern,,non-endemic
Sphyraena novaehollandiae,Actinopterygii,Vertebrate,Higher carnivore,Piscivore,,,endemic
Sphyraena obtusata,Actinopterygii,Vertebrate,Higher carnivore,Piscivore,,,non-endemic
Phyllopteryx taeniolatus,Actinopterygii,Vertebrate,Planktivore,Invertivore,Least Concern,,endemic
Saurida nebulosa,Actinopterygii,Vertebrate,Higher carnivore,Piscivore,Least Concern,,non-endemic
Synodus binotatus,Actinopterygii,Vertebrate,Higher carnivore,Piscivore,Least Concern,,non-endemic
Synodus dermatogenys,Actinopterygii,Vertebrate,Higher carnivore,Piscivore,Least Concern,,non-endemic
Synodus variegatus,Actinopterygii,Vertebrate,Higher carnivore,Piscivore,Least Concern,,non-endemic
Pelates sexlineatus,Actinopterygii,Vertebrate,Benthic invertivore,Invertivore,Least Concern,,endemic
Arothron hispidus,Actinopterygii,Vertebrate,Benthic invertivore,Invertivore,Least Concern,,non-endemic
Arothron nigropunctatus,Actinopterygii,Vertebrate,Omnivore,Herbivore,Least Concern,,non-endemic
Canthigaster bennetti,Actinopterygii,Vertebrate,Omnivore,Herbivore,Least Concern,,non-endemic
Canthigaster callisterna,Actinopterygii,Vertebrate,Omnivore,Herbivore,Least Concern,,non-endemic
Canthigaster papua,Actinopterygii,Vertebrate,Benthic invertivore,Invertivore,Least Concern,,non-endemic
Canthigaster valentini,Actinopterygii,Vertebrate,Omnivore,Herbivore,Least Concern,,non-endemic
Omegophora armilla,Actinopterygii,Vertebrate,Benthic invertivore,Invertivore,Least Concern,,endemic
Tetractenos glaber,Actinopterygii,Vertebrate,Benthic invertivore,Invertivore,Least Concern,,endemic
Torquigener pleurogramma,Actinopterygii,Vertebrate,Benthic invertivore,Invertivore,Least Concern,,endemic
Optivus agastos,Actinopterygii,Vertebrate,Benthic invertivore,Invertivore,Least Concern,,endemic
Trachichthys australis,Actinopterygii,Vertebrate,Planktivore,Invertivore,Least Concern,,endemic
Enneapterygius atrogulare,Actinopterygii,Vertebrate,Benthic invertivore,Invertivore,Least Concern,,non-endemic
Enneapterygius howensis,Actinopterygii,Vertebrate,Benthic invertivore,Invertivore,Least Concern,,endemic
Enneapterygius rufopileus,Actinopterygii,Vertebrate,Benthic invertivore,Invertivore,Least Concern,,non-endemic
Enneapterygius similis,Actinopterygii,Vertebrate,Benthic invertivore,Invertivore,Least Concern,,non-endemic
Forsterygion varium,Actinopterygii,Vertebrate,Benthic invertivore,Invertivore,Least Concern,,non-endemic
Helcogramma chica,Actinopterygii,Vertebrate,Benthic invertivore,Invertivore,Least Concern,,non-endemic
Helcogramma decurrens,Actinopterygii,Vertebrate,Benthic invertivore,Invertivore,Least Concern,,endemic
Helcogramma striata,Actinopterygii,Vertebrate,Benthic invertivore,Invertivore,Least Concern,,non-endemic
Trinorfolkia clarkei,Actinopterygii,Vertebrate,Benthic invertivore,Invertivore,Least Concern,,endemic
Trinorfolkia cristata,Actinopterygii,Vertebrate,Benthic invertivore,Invertivore,Least Concern,,endemic
Ucla xenogrammus,Actinopterygii,Vertebrate,Benthic invertivore,Invertivore,Least Concern,,non-endemic
Zanclus cornutus,Actinopterygii,Vertebrate,Benthic invertivore,Invertivore,Least Concern,,non-endemic
Brachaelurus waddi,Chondrichthyes,Vertebrate,Higher carnivore,Piscivore,Least Concern,,non-endemic
Carcharhinus amblyrhynchos,Chondrichthyes,Vertebrate,Higher carnivore,Piscivore,Endangered,A2bcd,non-endemic
Carcharhinus galapagensis,Chondrichthyes,Vertebrate,Higher carnivore,Piscivore,Least Concern,,non-endemic
Triaenodon obesus,Chondrichthyes,Vertebrate,Higher carnivore,Piscivore,Vulnerable,A2bcd,non-endemic
Bathytoshia brevicaudata,Chondrichthyes,Vertebrate,Benthic invertivore,Invertivore,Least Concern,,non-endemic
Heterodontus galeatus,Chondrichthyes,Vertebrate,Benthic invertivore,Invertivore,Least Concern,,endemic
Heterodontus portusjacksoni,Chondrichthyes,Vertebrate,Benthic invertivore,Invertivore,Least Concern,,endemic
Myliobatis australis,Chondrichthyes,Vertebrate,Benthic invertivore,Invertivore,,,endemic
Orectolobus halei,Chondrichthyes,Vertebrate,Higher carnivore,Piscivore,Least Concern,,endemic
Orectolobus maculatus,Chondrichthyes,Vertebrate,Higher carnivore,Piscivore,Least Concern,,endemic
Orectolobus ornatus,Chondrichthyes,Vertebrate,Higher carnivore,Piscivore,Least Concern,,endemic
Parascyllium variolatum,Chondrichthyes,Vertebrate,Higher carnivore,Piscivore,Least Concern,,endemic
Trygonorrhina fasciata,Chondrichthyes,Vertebrate,Benthic invertivore,Invertivore,Least Concern,,endemic
Cephaloscyllium laticeps,Chondrichthyes,Vertebrate,Higher carnivore,Piscivore,Least Concern,,endemic
Trygonoptera ovalis,Chondrichthyes,Vertebrate,Benthic invertivore,Invertivore,Least Concern,,endemic
Trygonoptera testacea,Chondrichthyes,Vertebrate,Benthic invertivore,Invertivore,Near Threatened,A2d,endemic
Urolophus cruciatus,Chondrichthyes,Vertebrate,Benthic invertivore,Invertivore,Least Concern,,endemic
Urolophus gigas,Chondrichthyes,Vertebrate,Benthic invertivore,Invertivore,Least Concern,,endemic
Urolophus paucimaculatus,Chondrichthyes,Vertebrate,Benthic invertivore,Invertivore,Least Concern,,endemic
Aipysurus laevis,Reptilia,Vertebrate,Higher carnivore,Piscivore,Least Concern,,non-endemic
Chelonia mydas,Reptilia,Vertebrate,Browsing herbivore,Herbivore,Endangered,A2bd,non-endemic
