biogeog,taxon,species_name,class,max_depth,max_length,lat_span_degrees,t_mean,chl_mean
tropical,Vertebrate,Acanthochromis polyacanthus,Actinopterygii,65,14,17.60142,26.36531872,0.466304804
tropical,Vertebrate,Acanthurus blochii,Actinopterygii,12,45,21.70967,26.37864071,0.37007972
tropical,Vertebrate,Acanthurus dussumieri,Actinopterygii,131,54,25.02933,25.00528296,0.554617763
tropical,Vertebrate,Acanthurus nigrofuscus,Actinopterygii,25,21,27.23678,25.71397187,0.523580637
tropical,Vertebrate,Amblyglyphidodon curacao,Actinopterygii,40,11,20.07602,26.38737076,0.417613898
tropical,Vertebrate,Amblyglyphidodon leucogaster,Actinopterygii,45,13,14.00625,26.56835772,0.405891482
tropical,Vertebrate,Bolbometopon muricatum,Actinopterygii,30,130,13.28833,26.825744,0.364346773
tropical,Vertebrate,Cetoscarus ocellatus,Actinopterygii,30,90,14.03533,26.69043659,0.376369343
tropical,Vertebrate,Chaetodon aureofasciatus,Actinopterygii,15,12.5,19.05894,26.00169738,0.730068745
tropical,Vertebrate,Chaetodon auriga,Actinopterygii,35,23,25.15824,25.74003564,0.580855782
tropical,Vertebrate,Chaetodon baronessa,Actinopterygii,20,16,20.05489,26.40665147,0.465498742
tropical,Vertebrate,Chaetodon flavirostris,Actinopterygii,20,20,25.06341,24.48881087,0.484250539
tropical,Vertebrate,Chaetodon lineolatus,Actinopterygii,171,30,21.67249,25.94883391,0.545132215
tropical,Vertebrate,Chaetodon lunula,Actinopterygii,30,20,22.08974,26.71396494,0.567211464
tropical,Vertebrate,Chaetodon lunulatus,Actinopterygii,20,14,22.80098,26.3020555,0.546170639
tropical,Vertebrate,Chaetodon plebeius,Actinopterygii,10,15,22.23115,25.67086351,0.516776236
tropical,Vertebrate,Chaetodon rainfordi,Actinopterygii,15,15,21.52365,25.81533949,0.516057424
tropical,Vertebrate,Chaetodon ulietensis,Actinopterygii,30,15,21.58778,26.82682302,0.433155753
tropical,Vertebrate,Chaetodon vagabundus,Actinopterygii,30,23,23.95522,26.36059839,0.558135442
tropical,Vertebrate,Cheilinus fasciatus,Actinopterygii,60,40,20.08071,26.52439195,0.446363013
tropical,Vertebrate,Cheilinus undulatus,Actinopterygii,100,229,13.57826,26.67461257,0.381159176
tropical,Vertebrate,Chelmon rostratus,Actinopterygii,25,20,16.99879,25.89491002,0.65910794
tropical,Vertebrate,Chlorurus microrhinos,Actinopterygii,35,70,22.1485,26.17119839,0.453528899
tropical,Vertebrate,Chlorurus sordidus,Actinopterygii,50,40,25.19136,25.97878916,0.517040028
tropical,Vertebrate,Choerodon fasciatus,Actinopterygii,35,30,14.02204,26.15512019,0.493642755
tropical,Vertebrate,Chromis atripectoralis,Actinopterygii,29,12,21.69419,26.02855607,0.51943244
tropical,Vertebrate,Chromis lepidolepis,Actinopterygii,43,9,25.23455,26.81562086,0.399253462
tropical,Vertebrate,Chromis nitida,Actinopterygii,25,7,25.27933,24.40733636,0.747828251
tropical,Vertebrate,Chromis ternatensis,Actinopterygii,36,10,14.02054,26.68705707,0.365482583
tropical,Vertebrate,Chromis weberi,Actinopterygii,40,13.5,25.20933,26.71145193,0.483212053
tropical,Vertebrate,Chrysiptera rollandi,Actinopterygii,35,7.5,27.71393,26.12575206,0.531017769
tropical,Vertebrate,Chrysiptera talboti,Actinopterygii,35,6,13.95663,26.48311025,0.423339575
tropical,Vertebrate,Epibulus insidiator,Actinopterygii,42,54,21.67468,26.38374144,0.503112252
tropical,Vertebrate,Gomphosus varius,Actinopterygii,30,30,22.14735,26.04995659,0.473231041
tropical,Vertebrate,Halichoeres hortulanus,Actinopterygii,30,27,22.86659,26.48825097,0.450131385
tropical,Vertebrate,Hemigymnus fasciatus,Actinopterygii,20,80,21.77009,26.10968777,0.490738232
tropical,Vertebrate,Hemigymnus melapterus,Actinopterygii,30,90,22.92342,26.00710146,0.652355634
tropical,Vertebrate,Hipposcarus longiceps,Actinopterygii,40,60,18.51836,26.62653963,0.491426521
tropical,Vertebrate,Lethrinus miniatus,Actinopterygii,30,90,11.83568,25.61038334,0.548695369
tropical,Vertebrate,Lethrinus nebulosus,Actinopterygii,75,87,23.80491,24.70118022,0.647854002
tropical,Vertebrate,Lutjanus bohar,Actinopterygii,180,90,23.92121,26.47900952,0.454788279
tropical,Vertebrate,Lutjanus carponotatus,Actinopterygii,80,40,16.32964,25.98455209,0.821890333
tropical,Vertebrate,Lutjanus fulviflamma,Actinopterygii,35,35,23.85746,25.87638469,0.748939178
tropical,Vertebrate,Naso tonganus,Actinopterygii,60,40,20.06635,26.13773794,0.341503702
tropical,Vertebrate,Naso unicornis,Actinopterygii,180,70,25.55344,25.25746392,0.605303322
tropical,Vertebrate,Neoglyphidodon melas,Actinopterygii,12,18,14.04267,26.17687491,0.682927382
tropical,Vertebrate,Neoglyphidodon nigroris,Actinopterygii,23,13,13.96292,26.41345948,0.648718799
tropical,Vertebrate,Neopomacentrus azysron,Actinopterygii,12,7.5,20.15196,26.13090193,0.724758301
tropical,Vertebrate,Neopomacentrus cyanomos,Actinopterygii,30,10,16.49809,26.38764041,0.781843342
tropical,Vertebrate,Plectroglyphidodon lacrymatus,Actinopterygii,40,10,22.1118,26.35235807,0.473976168
tropical,Vertebrate,Plectropomus laevis,Actinopterygii,100,125,19.59631,26.61694794,0.354945736
tropical,Vertebrate,Plectropomus leopardus,Actinopterygii,100,120,19.08902,26.20842577,0.562415069
tropical,Vertebrate,Pomacentrus brachialis,Actinopterygii,40,8,14.0276,26.22263011,0.447474738
tropical,Vertebrate,Pomacentrus coelestis,Actinopterygii,20,9,27.25963,24.65821495,0.626827515
tropical,Vertebrate,Pomacentrus lepidogenys,Actinopterygii,12,9,20.34673,26.38655109,0.438148053
tropical,Vertebrate,Pomacentrus magniseptus,Actinopterygii,15,10,13.94799,26.26947163,0.398009022
tropical,Vertebrate,Pomacentrus moluccensis,Actinopterygii,14,9,24.01186,26.22770366,0.61292038
tropical,Vertebrate,Pomacentrus nagasakiensis,Actinopterygii,35,10,17.80258,25.9874798,0.814347169
tropical,Vertebrate,Pomacentrus vaiuli,Actinopterygii,45,10,19.58611,26.53996119,0.445749712
tropical,Vertebrate,Pomacentrus wardi,Actinopterygii,20,8,20.44748,25.95150955,0.579799583
tropical,Vertebrate,Scarus altipinnis,Actinopterygii,50,60,21.6414,25.86358235,0.360048524
tropical,Vertebrate,Scarus chameleon,Actinopterygii,30,31,25.16464,25.68485717,0.540328821
tropical,Vertebrate,Scarus flavipectoralis,Actinopterygii,16,40,21.66183,26.2061212,0.454865708
tropical,Vertebrate,Scarus frenatus,Actinopterygii,20,47,21.71516,25.96280217,0.448408346
tropical,Vertebrate,Scarus ghobban,Actinopterygii,36,90,25.32653,24.86751229,0.724204297
tropical,Vertebrate,Scarus globiceps,Actinopterygii,12,27,21.57358,25.79856976,0.404967039
tropical,Vertebrate,Scarus niger,Actinopterygii,15,40,21.66527,26.36593841,0.407157
tropical,Vertebrate,Scarus psittacus,Actinopterygii,25,30,22.82993,25.72073231,0.468890176
tropical,Vertebrate,Scarus rivulatus,Actinopterygii,30,40,22.1956,25.68344767,0.669471096
tropical,Vertebrate,Scarus schlegeli,Actinopterygii,50,40,22.15233,25.83231558,0.518385651
tropical,Vertebrate,Scarus spinus,Actinopterygii,25,30,13.96292,26.21430017,0.424404188
tropical,Vertebrate,Siganus argenteus,Actinopterygii,40,40,19.94228,26.02631223,0.387937271
tropical,Vertebrate,Siganus corallinus,Actinopterygii,30,35,13.96292,26.17492501,0.542063673
tropical,Vertebrate,Siganus doliatus,Actinopterygii,5,25,14.04952,26.14594876,0.59124057
tropical,Vertebrate,Siganus puellus,Actinopterygii,30,38,14.00326,26.40835146,0.494602757
tropical,Vertebrate,Siganus punctatissimus,Actinopterygii,30,35,13.80688,26.20733262,0.452557598
tropical,Vertebrate,Siganus punctatus,Actinopterygii,40,40,13.91242,26.22686644,0.566679056
tropical,Vertebrate,Siganus vulpinus,Actinopterygii,30,25,13.95714,26.42638101,0.502179532
tropical,Vertebrate,Stegastes apicalis,Actinopterygii,5,15,21.68697,25.73935155,0.553765019
tropical,Vertebrate,Zanclus cornutus,Actinopterygii,182,23,26.25719,25.51422612,0.55862341
tropical,Vertebrate,Zebrasoma velifer,Actinopterygii,40,45,21.59536,26.44682812,0.461294806
tropical,Vertebrate,Chrysiptera rex,Actinopterygii,20,7,11.92378,26.70986086,0.428502521
tropical,Vertebrate,Lethrinus atkinsoni,Actinopterygii,30,50,21.45329,25.90854328,0.65308
tropical,Vertebrate,Pomacentrus grammorhynchus,Actinopterygii,12,9,14.04288,26.30475192,0.619593644
tropical,Vertebrate,Scarus forsteni,Actinopterygii,30,55,20.32388,26.68257277,0.374099791
tropical,Vertebrate,Scarus oviceps,Actinopterygii,15,35,21.66213,26.41640479,0.452050545
tropical,Vertebrate,Scarus rubroviolaceus,Actinopterygii,36,70,22.83606,26.27368823,0.457577124
tropical,Vertebrate,Acanthurus lineatus,Actinopterygii,15,38,14.01248,26.68254779,0.367373135
tropical,Vertebrate,Amphiprion melanopus,Actinopterygii,18,12,20.25302,26.08108125,0.442960892
tropical,Vertebrate,Chromis margaritifer,Actinopterygii,26,9,25.1694,26.25006404,0.472044541
tropical,Vertebrate,Dascyllus reticulatus,Actinopterygii,50,9,22.82961,26.18514565,0.519525383
tropical,Vertebrate,Dascyllus trimaculatus,Actinopterygii,55,11,25.254,25.97082767,0.522636065
tropical,Vertebrate,Monotaxis grandoculis,Actinopterygii,100,60,21.55313,26.59172881,0.353450179
tropical,Vertebrate,Pomacentrus bankanensis,Actinopterygii,12,9,24.01574,26.45453454,0.494445505
tropical,Vertebrate,Acanthurus albipectoralis,Actinopterygii,20,33,22.29921,24.80819506,0.373223344
tropical,Vertebrate,Acanthurus grammoptilus,Actinopterygii,91,35,20.32613,26.39862909,0.686046103
tropical,Vertebrate,Amphiprion akindynos,Actinopterygii,25,9,20.29078,25.86337401,0.41246339
tropical,Vertebrate,Chaetodon rafflesii,Actinopterygii,15,18,13.84435,26.69494373,0.443408421
tropical,Vertebrate,Chlorurus bleekeri,Actinopterygii,35,49,13.29823,27.05517745,0.47825356
tropical,Vertebrate,Chrysiptera flavipinnis,Actinopterygii,38,8,23.9829,25.52953704,0.480551505
tropical,Vertebrate,Lethrinus obsoletus,Actinopterygii,30,60,20.0755,26.73969674,0.553109929
tropical,Vertebrate,Plectropomus maculatus,Actinopterygii,100,100,19.09736,26.20366473,0.824810383
tropical,Vertebrate,Pomacentrus amboinensis,Actinopterygii,40,9,20.40707,26.46839746,0.518061475
tropical,Vertebrate,Pomacentrus australis,Actinopterygii,35,8,17.5953,23.81200735,0.767556403
tropical,Vertebrate,Zebrasoma scopas,Actinopterygii,60,40,21.69902,26.34123206,0.452852413
tropical,Vertebrate,Chaetodon melannotus,Actinopterygii,20,18,21.71087,25.73334815,0.427969881
tropical,Vertebrate,Chromis retrofasciata,Actinopterygii,65,4,13.95663,26.77125449,0.353866912
tropical,Vertebrate,Lutjanus quinquelineatus,Actinopterygii,40,38,20.24083,26.32047188,0.763858111
tropical,Vertebrate,Acanthurus olivaceus,Actinopterygii,46,35,26.3701,25.4450578,0.455379467
tropical,Vertebrate,Chromis xanthura,Actinopterygii,40,15,19.81968,27.18736717,0.341145566
tropical,Vertebrate,Coris gaimard,Actinopterygii,50,40,20.36118,26.46963179,0.364143923
tropical,Vertebrate,Variola louti,Actinopterygii,250,83,19.9968,25.81277862,0.350529741
tropical,Vertebrate,Neoglyphidodon polyacanthus,Actinopterygii,30,12,19.40575,23.32004643,0.398866645
tropical,Vertebrate,Acanthurus nigricauda,Actinopterygii,30,40,13.9322,26.88994337,0.422025011
tropical,Vertebrate,Chaetodon speculum,Actinopterygii,30,18,22.1485,26.02393302,0.493663068
tropical,Vertebrate,Lutjanus lutjanus,Actinopterygii,96,35,11.03034,26.55207341,0.773750158
tropical,Vertebrate,Naso lituratus,Actinopterygii,90,46,21.66628,26.65809774,0.444976461
tropical,Vertebrate,Chromis viridis,Actinopterygii,12,8,21.62254,26.73735827,0.474215255
tropical,Vertebrate,Lutjanus russellii,Actinopterygii,80,50,24.27455,25.19206617,0.851078543
tropical,Vertebrate,Acanthurus auranticavus,Actinopterygii,8,45,19.94858,26.35476012,0.334532758
tropical,Vertebrate,Acanthurus pyroferus,Actinopterygii,60,25,22.83962,26.72552474,0.412574973
tropical,Vertebrate,Cephalopholis boenak,Actinopterygii,64,30,20.40768,25.88163317,0.765922608
tropical,Vertebrate,Cephalopholis cyanostigma,Actinopterygii,50,40,20.06955,26.42115802,0.63875593
tropical,Vertebrate,Cephalopholis microprion,Actinopterygii,20,25,12.14805,26.34934421,0.506101574
tropical,Vertebrate,Chaetodon ephippium,Actinopterygii,30,30,21.85383,26.89697908,0.462595076
tropical,Vertebrate,Chromis amboinensis,Actinopterygii,70,9,21.55929,26.84149668,0.342558466
tropical,Vertebrate,Chromis atripes,Actinopterygii,40,9,19.50151,27.0960036,0.338289346
tropical,Vertebrate,Dascyllus aruanus,Actinopterygii,20,10,21.60451,26.43021378,0.527776664
tropical,Vertebrate,Dischistodus melanotus,Actinopterygii,12,16,13.95714,26.56860068,0.451041417
tropical,Vertebrate,Dischistodus perspicillatus,Actinopterygii,10,18,11.96712,27.3488602,0.509300753
tropical,Vertebrate,Dischistodus prosopotaenia,Actinopterygii,12,17,16.34741,26.67287676,0.629430447
tropical,Vertebrate,Dischistodus pseudochrysopoecilus,Actinopterygii,5,18,14.10418,26.56253029,0.470568422
tropical,Vertebrate,Epinephelus quoyanus,Actinopterygii,50,40,20.44805,25.70199834,0.770096818
tropical,Vertebrate,Hemiglyphidodon plagiometopon,Actinopterygii,20,18,13.84141,27.17250828,0.629211342
tropical,Vertebrate,Pomacentrus adelus,Actinopterygii,8,8.5,13.7395,27.04468593,0.492306991
tropical,Vertebrate,Premnas biaculeatus,Actinopterygii,16,17,11.09933,26.76398068,0.517355625
tropical,Vertebrate,Scarus dimidiatus,Actinopterygii,12,40,21.57898,27.24595982,0.496285769
tropical,Vertebrate,Stegastes nigricans,Actinopterygii,12,14,13.95663,26.91033328,0.494302382
tropical,Vertebrate,Pomacentrus chrysurus,Actinopterygii,5,9,20.34877,26.34050552,0.520647245
tropical,Vertebrate,Acanthurus xanthopterus,Actinopterygii,100,70,22.70573,26.50238274,0.474744868
tropical,Vertebrate,Epinephelus fasciatus,Actinopterygii,160,40,25.21914,25.00293042,0.655011056
tropical,Vertebrate,Cephalopholis argus,Actinopterygii,40,60,21.87796,26.97015153,0.436519344
tropical,Vertebrate,Amphiprion chrysopterus,Actinopterygii,30,17,13.29912,26.70313874,0.360788958
tropical,Vertebrate,Acanthurus triostegus,Actinopterygii,90,27,22.0836,25.67225447,0.575933064
tropical,Vertebrate,Acanthurus nigricans,Actinopterygii,67,21.3,18.7326,26.93358233,0.442247059
tropical,Vertebrate,Chaetodon ornatissimus,Actinopterygii,36,20,22.83962,26.50338076,0.411515408
tropical,Vertebrate,Forcipiger flavissimus,Actinopterygii,114,22,26.3623,26.18536383,0.36240362
tropical,Vertebrate,Stegastes fasciolatus,Actinopterygii,30,15,21.77334,25.59163094,0.446233152
tropical,Vertebrate,Plectroglyphidodon johnstonianus,Actinopterygii,18,14,21.93369,25.54064155,0.362583742
tropical,Vertebrate,Chaetodon trifascialis,Actinopterygii,30,18,25.25193,25.8438774,0.538488315
tropical,Vertebrate,Lutjanus adetii,Actinopterygii,50,50,11.88588,25.02157183,0.502896402
tropical,Vertebrate,Chaetodon kleinii,Actinopterygii,61,15,25.24553,25.88358213,0.501353901
tropical,Vertebrate,Chaetodon mertensii,Actinopterygii,120,12.5,21.7818,24.98632314,0.281889775
tropical,Vertebrate,Chaetodon pelewensis,Actinopterygii,30,12.5,22.74927,25.53588007,0.382284001
tropical,Vertebrate,Chaetodon unimaculatus,Actinopterygii,60,20,21.7896,25.90204889,0.356636669
tropical,Vertebrate,Amphiprion perideraion,Actinopterygii,38,10,13.81708,26.70377255,0.462053161
tropical,Vertebrate,Chromis chrysura,Actinopterygii,45,14,22.64345,25.92097574,0.346008238
tropical,Vertebrate,Chromis iomelas,Actinopterygii,35,8,21.55304,26.40709484,0.293496522
tropical,Vertebrate,Chaetodon citrinellus,Actinopterygii,36,13,23.99554,25.86796884,0.517406334
tropical,Vertebrate,Epinephelus merra,Actinopterygii,50,31,21.70317,27.00531036,0.403563922
tropical,Vertebrate,Plectroglyphidodon dickii,Actinopterygii,15,11,21.87029,25.84951714,0.408782292
warm,Vertebrate,Stegastes gascoynei,Actinopterygii,30,15,17.97448,22.62560303,0.556648995
tropical,Vertebrate,Cephalopholis urodeta,Actinopterygii,60,28,20.32861,27.26756965,0.326191411
tropical,Vertebrate,Chaetodon punctatofasciatus,Actinopterygii,45,12,18.53121,26.89657917,0.50139089
tropical,Vertebrate,Chaetodon reticulatus,Actinopterygii,30,18,13.64904,26.08661534,0.260835406
tropical,Vertebrate,Chromis vanderbilti,Actinopterygii,20,4.5,22.77425,25.32421486,0.334990903
tropical,Vertebrate,Hemitaurichthys polylepis,Actinopterygii,18,40,12.03283,26.89760151,0.24486954
tropical,Vertebrate,Lutjanus gibbus,Actinopterygii,150,50,17.45302,27.25477242,0.375995977
tropical,Vertebrate,Lutjanus monostigma,Actinopterygii,60,60,13.52538,26.65781093,0.452189743
tropical,Vertebrate,Lutjanus kasmira,Actinopterygii,265,40,23.92121,26.3528965,0.383171341
tropical,Vertebrate,Neopomacentrus bankieri,Actinopterygii,12,8,20.22416,26.07036815,0.696041334
tropical,Vertebrate,Siganus lineatus,Actinopterygii,25,43,13.91541,26.36381931,0.775488217
tropical,Vertebrate,Paracanthurus hepatus,Actinopterygii,40,31,20.32069,24.67074755,0.327372289
tropical,Vertebrate,Chromis agilis,Actinopterygii,8,65,17.76118,26.119113,0.205564103
tropical,Vertebrate,Lutjanus vitta,Actinopterygii,72,40,13.14531,26.26097648,0.717664292
tropical,Vertebrate,Abudefduf vaigiensis,Actinopterygii,15,20,26.27846,24.98613157,0.56839539
tropical,Vertebrate,Acanthurus thompsoni,Actinopterygii,119,27,22.14114,27.02416936,0.298974825
tropical,Vertebrate,Aioliops novaeguineae,Actinopterygii,10,1.9,13.20784,26.67513633,0.407758775
tropical,Vertebrate,Aipysurus laevis,Reptilia,200,68,15.00369,26.66757214,0.562801562
tropical,Vertebrate,Amblygobius phalaena,Actinopterygii,20,15,24.04706,25.7223986,0.618952405
tropical,Vertebrate,Anampses neoguinaicus,Actinopterygii,25,20,25.37081,25.42496066,0.391656599
tropical,Vertebrate,Anampses twistii,Actinopterygii,18,30,13.36272,27.07316003,0.252098496
tropical,Vertebrate,Aphareus furca,Actinopterygii,70,122,13.27888,27.1332422,0.261900602
tropical,Vertebrate,Aprion virescens,Actinopterygii,180,112,20.07749,26.35833797,0.292706131
tropical,Vertebrate,Arothron nigropunctatus,Actinopterygii,25,33,22.83493,26.81708344,0.429234352
tropical,Vertebrate,Balistapus undulatus,Actinopterygii,50,30,11.24257,27.7764649,0.331712932
tropical,Vertebrate,Balistoides conspicillum,Actinopterygii,75,50,21.87467,26.51421455,0.28511792
tropical,Vertebrate,Canthigaster bennetti,Actinopterygii,14,10,25.08486,25.87180039,0.624859535
tropical,Vertebrate,Canthigaster valentini,Actinopterygii,55,11,25.13643,25.49180858,0.496129263
tropical,Vertebrate,Caranx melampygus,Actinopterygii,117,190,21.66826,27.12400859,0.334495201
tropical,Vertebrate,Carcharhinus amblyrhynchos,Chondrichthyes,260,1000,13.29912,26.91681583,0.384242002
tropical,Vertebrate,Centropyge bicolor,Actinopterygii,25,11,26.37125,26.87124303,0.449597838
tropical,Vertebrate,Centropyge bispinosa,Actinopterygii,45,10,22.78231,26.20827569,0.399649193
tropical,Vertebrate,Centropyge flavissima,Actinopterygii,50,14,21.71761,26.07452876,0.228871897
tropical,Vertebrate,Centropyge heraldi,Actinopterygii,90,12,13.29965,26.51716465,0.197087245
tropical,Vertebrate,Centropyge vrolikii,Actinopterygii,25,12,21.64954,26.91253549,0.338718165
tropical,Vertebrate,Cheilinus trilobatus,Actinopterygii,30,45,21.58778,26.2976329,0.535738726
tropical,Vertebrate,Cheilodipterus quinquelineatus,Actinopterygii,40,13,25.20788,26.13601417,0.593330239
tropical,Vertebrate,Chrysiptera taupou,Actinopterygii,8,15,12.33607,26.68890459,0.249176282
tropical,Vertebrate,Cirrhilabrus exquisitus,Actinopterygii,40,12,19.97218,27.69498155,0.489726714
tropical,Vertebrate,Cirrhitichthys falco,Actinopterygii,46,7,22.83477,25.1937907,0.410863155
tropical,Vertebrate,Ctenochaetus binotatus,Actinopterygii,53,22,25.20043,26.36500312,0.451291467
tropical,Vertebrate,Ctenochaetus striatus,Actinopterygii,30,26,23.9604,26.81886603,0.455154958
tropical,Vertebrate,Cypho purpurascens,Actinopterygii,40,8,19.93805,26.34395444,0.302251944
tropical,Vertebrate,Eviota guttata,Actinopterygii,15,2.5,20.26486,26.89482271,0.464656325
tropical,Vertebrate,Eviota prasites,Actinopterygii,16,3,13.95663,27.12897076,0.434378568
tropical,Vertebrate,Fusigobius duospilus,Actinopterygii,42,6,21.64089,26.22696931,0.439051659
tropical,Vertebrate,Fusigobius neophytus,Actinopterygii,25,8,21.50424,26.07682166,0.496655063
tropical,Vertebrate,Gnatholepis cauerensis,Actinopterygii,50,9,22.04805,26.62949577,0.498341996
tropical,Vertebrate,Halichoeres biocellatus,Actinopterygii,35,12,21.67134,26.78837231,0.38467172
tropical,Vertebrate,Halichoeres trimaculatus,Actinopterygii,30,27,21.68197,26.48647342,0.344295227
tropical,Vertebrate,Helcogramma chica,Actinopterygii,32,4,19.99282,26.2741674,0.396017119
tropical,Vertebrate,Heniochus monoceros,Actinopterygii,30,24,21.55276,26.76435892,0.497381625
tropical,Vertebrate,Istigobius decoratus,Actinopterygii,20,13,25.33978,26.13952412,0.736127672
tropical,Vertebrate,Labroides bicolor,Actinopterygii,40,15,22.15233,26.36226102,0.37424036
tropical,Vertebrate,Labroides dimidiatus,Actinopterygii,40,14,27.25963,24.89727073,0.619363578
tropical,Vertebrate,Macropharyngodon meleagris,Actinopterygii,30,15,25.23455,25.33956888,0.436205805
tropical,Vertebrate,Meiacanthus atrodorsalis,Actinopterygii,30,11,22.77231,27.22646003,0.43736202
tropical,Vertebrate,Melichthys vidua,Actinopterygii,60,40,20.04591,27.59422763,0.32698826
tropical,Vertebrate,Monotaxis heterodon,Actinopterygii,25,60,19.50151,27.37314507,0.328928093
tropical,Vertebrate,Myripristis kuntee,Actinopterygii,55,26,20.26013,26.6188897,0.38368273
tropical,Vertebrate,Myripristis murdjan,Actinopterygii,50,60,21.7619,26.26527908,0.406998972
tropical,Vertebrate,Naso caesius,Actinopterygii,36,46,20.07956,27.07813915,0.391489104
tropical,Vertebrate,Nemateleotris magnifica,Actinopterygii,9,70,20.24875,27.16017945,0.299802914
tropical,Vertebrate,Oxycheilinus digramma,Actinopterygii,60,30,21.66068,26.82454418,0.428282932
tropical,Vertebrate,Oxycheilinus unifasciatus,Actinopterygii,46,160,19.92244,26.62056748,0.367159824
tropical,Vertebrate,Paracirrhites arcatus,Actinopterygii,91,20,21.54109,26.52583668,0.2835077
tropical,Vertebrate,Paracirrhites forsteri,Actinopterygii,35,22,21.87598,27.09626829,0.358167033
tropical,Vertebrate,Parapercis clathrata,Actinopterygii,50,24,20.36316,26.77942855,0.495694142
tropical,Vertebrate,Parupeneus cyclostomus,Actinopterygii,100,50,26.07076,26.35656142,0.422628774
tropical,Vertebrate,Parupeneus multifasciatus,Actinopterygii,161,35,25.97667,26.01637461,0.494118903
tropical,Vertebrate,Parupeneus pleurostigma,Actinopterygii,75,33,25.22663,25.21061461,0.430057968
tropical,Vertebrate,Pempheris oualensis,Actinopterygii,36,20,22.05738,25.61658925,0.493587616
tropical,Vertebrate,Pervagor alternans,Actinopterygii,17,16,18.30038,24.88046935,0.37654594
tropical,Vertebrate,Plagiotremus tapeinosoma,Actinopterygii,20,14,28.40982,23.3969356,0.556794493
tropical,Vertebrate,Plectorhinchus picus,Actinopterygii,50,84,22.60769,23.63236763,0.377196296
tropical,Vertebrate,Pomacentrus philippinus,Actinopterygii,10,22,12.20746,27.73710872,0.250314276
tropical,Vertebrate,Pomachromis richardsoni,Actinopterygii,25,6,12.81479,27.76029882,0.2798328
tropical,Vertebrate,Pristiapogon kallopterus,Actinopterygii,158,12,13.2901,26.93575091,0.353392034
tropical,Vertebrate,Pseudochromis fuscus,Actinopterygii,30,10,20.07574,26.76985262,0.645167713
tropical,Vertebrate,Ptereleotris evides,Actinopterygii,15,14,25.86954,25.94866035,0.463927841
tropical,Vertebrate,Sargocentron caudimaculatum,Actinopterygii,25,40,13.37448,27.74219575,0.352721162
tropical,Vertebrate,Sargocentron diadema,Actinopterygii,60,17,20.27062,26.62651856,0.331603343
tropical,Vertebrate,Saurida nebulosa,Actinopterygii,6,16.5,25.18308,26.47363654,0.518386234
tropical,Vertebrate,Scarus longipinnis,Actinopterygii,55,40,21.48805,26.20403008,0.23249366
tropical,Vertebrate,Stethojulis bandanensis,Actinopterygii,30,15,25.64777,24.91438123,0.537487712
tropical,Vertebrate,Sufflamen chrysopterum,Actinopterygii,30,30,25.23432,25.33411034,0.437176978
tropical,Vertebrate,Synodus dermatogenys,Actinopterygii,97,24,26.36427,24.92252677,0.515344347
tropical,Vertebrate,Thalassoma amblycephalum,Actinopterygii,15,16,26.3701,25.57342893,0.494100456
tropical,Vertebrate,Thalassoma jansenii,Actinopterygii,15,20,22.81044,25.99984501,0.513761274
tropical,Vertebrate,Thalassoma lutescens,Actinopterygii,30,30,25.17612,23.99302344,0.515468549
tropical,Vertebrate,Thalassoma nigrofasciatum,Actinopterygii,15,20,21.8362,25.2756999,0.388334906
tropical,Vertebrate,Thalassoma quinquevittatum,Actinopterygii,40,17,22.06749,26.85345019,0.328326681
tropical,Vertebrate,Valenciennea strigata,Actinopterygii,25,18,25.24273,26.3402506,0.372817454
tropical,Vertebrate,Abudefduf sexfasciatus,Actinopterygii,20,16,26.011,24.92301448,0.667717478
tropical,Vertebrate,Anampses caeruleopunctatus,Actinopterygii,30,42,27.23065,23.58581633,0.623575674
tropical,Vertebrate,Bodianus axillaris,Actinopterygii,100,20,21.80312,26.48461837,0.460081883
tropical,Vertebrate,Bodianus mesothorax,Actinopterygii,40,25,20.12911,27.09841229,0.369648531
tropical,Vertebrate,Caesio caerulaurea,Actinopterygii,50,35,25.24388,26.49839162,0.567609292
tropical,Vertebrate,Canthigaster papua,Actinopterygii,50,10,14.04339,27.62574239,0.44694607
tropical,Vertebrate,Carangoides orthogrammus,Actinopterygii,75,75,25.1896,24.19287679,0.511312682
tropical,Vertebrate,Cirrhilabrus punctatus,Actinopterygii,32,13,25.23183,25.35880837,0.524244437
tropical,Vertebrate,Cirripectes stigmaticus,Actinopterygii,20,13,22.74187,26.05090962,0.381895254
tropical,Vertebrate,Halichoeres chrysus,Actinopterygii,60,12,22.8098,25.84291386,0.465698559
tropical,Vertebrate,Labroides pectoralis,Actinopterygii,28,11,10.56037,28.3252255,0.297921277
tropical,Vertebrate,Myripristis berndti,Actinopterygii,50,30,21.61567,27.20121887,0.347875126
tropical,Vertebrate,Parupeneus crassilabris,Actinopterygii,38,80,11.95677,27.47577124,0.35039774
tropical,Vertebrate,Plagiotremus laudandus,Actinopterygii,30,8,25.22832,27.11421825,0.396744932
tropical,Vertebrate,Plagiotremus rhinorhynchos,Actinopterygii,20,12,27.23678,24.60517311,0.658917093
tropical,Vertebrate,Pomacentrus imitator,Actinopterygii,11,16,11.85784,26.93939039,0.241182986
tropical,Vertebrate,Pseudanthias squamipinnis,Actinopterygii,55,15,26.36764,23.89932177,0.514644809
tropical,Vertebrate,Pseudocheilinus hexataenia,Actinopterygii,35,10,21.87227,26.63001648,0.371316357
tropical,Vertebrate,Pterocaesio digramma,Actinopterygii,50,30,25.25717,25.73215885,0.630892454
tropical,Vertebrate,Pterocaesio tile,Actinopterygii,30,60,20.346,27.30790135,0.316237967
tropical,Vertebrate,Pygoplites diacanthus,Actinopterygii,48,25,13.36531,27.4618418,0.367910475
tropical,Vertebrate,Sargocentron spiniferum,Actinopterygii,51,122,13.36027,27.40630159,0.351880913
tropical,Vertebrate,Synodus variegatus,Actinopterygii,121,40,29.23584,25.2401852,0.560988726
tropical,Vertebrate,Thalassoma hardwicke,Actinopterygii,15,20,25.20302,26.51346215,0.495970871
tropical,Vertebrate,Thalassoma lunare,Actinopterygii,20,25,26.56788,24.37997573,0.621051875
tropical,Vertebrate,Cheilinus chlorourus,Actinopterygii,30,45,22.85891,26.28359319,0.588687143
tropical,Vertebrate,Cheilodipterus macrodon,Actinopterygii,40,25,25.24063,26.25691231,0.550766448
tropical,Vertebrate,Ctenochaetus cyanocheilus,Actinopterygii,16,30,12.97041,27.17680062,0.312925554
tropical,Vertebrate,Echeneis naucrates,Actinopterygii,50,110,25.91763,26.16370306,0.556807512
tropical,Vertebrate,Gnathodentex aureolineatus,Actinopterygii,30,30,20.23424,26.8679708,0.288434282
tropical,Vertebrate,Labropsis australis,Actinopterygii,55,10.5,20.07661,26.13766697,0.421388056
tropical,Vertebrate,Myripristis vittata,Actinopterygii,80,25,8.1042,27.48649977,0.279401631
tropical,Vertebrate,Pervagor janthinosoma,Actinopterygii,20,13,23.56626,24.66970427,0.545515075
tropical,Vertebrate,Pseudocheilinus evanidus,Actinopterygii,61,8,13.93041,27.35870757,0.316661715
tropical,Vertebrate,Pterocaesio marri,Actinopterygii,17,35,22.15127,26.17570225,0.421858565
tropical,Vertebrate,Triaenodon obesus,Chondrichthyes,220,330,14.8667,26.86266825,0.45243366
tropical,Vertebrate,Anampses geographicus,Actinopterygii,25,31,25.13236,23.53148233,0.520288473
tropical,Vertebrate,Cirripectes filamentosus,Actinopterygii,20,9,21.40868,25.72185471,0.732177204
tropical,Vertebrate,Heniochus chrysostomus,Actinopterygii,40,18,21.66068,27.03565812,0.335512231
tropical,Vertebrate,Naso brevirostris,Actinopterygii,122,60,22.86217,26.59332849,0.470032035
tropical,Vertebrate,Ostracion meleagris,Actinopterygii,30,25,25.14435,26.13980427,0.489399157
tropical,Vertebrate,Balistoides viridescens,Actinopterygii,50,75,20.14526,27.39809357,0.341402911
tropical,Vertebrate,Cantherhines pardalis,Actinopterygii,20,25,23.95266,25.09684168,0.498457717
tropical,Vertebrate,Cheilinus oxycephalus,Actinopterygii,40,17,13.26411,27.19895483,0.338183229
tropical,Vertebrate,Gymnothorax javanicus,Actinopterygii,50,300,13.84477,27.19123958,0.51273914
tropical,Vertebrate,Halichoeres marginatus,Actinopterygii,30,18,22.80284,26.75854981,0.639987664
tropical,Vertebrate,Labrichthys unilineatus,Actinopterygii,20,17.5,26.30267,26.44088016,0.522180734
tropical,Vertebrate,Oxymonacanthus longirostris,Actinopterygii,30,12,21.69419,26.18705907,0.494463907
tropical,Vertebrate,Parapercis queenslandica,Actinopterygii,27,29,21.60037,26.34599171,0.347468035
tropical,Vertebrate,Abudefduf bengalensis,Actinopterygii,6,17,24.04551,24.83612216,0.874819244
tropical,Vertebrate,Halichoeres prosopeion,Actinopterygii,40,13,23.87587,26.96761909,0.439697694
tropical,Vertebrate,Macolor macularis,Actinopterygii,90,60,13.36021,27.28761277,0.267703056
tropical,Vertebrate,Mulloidichthys vanicolensis,Actinopterygii,113,38,25.07324,25.45887539,0.386330755
tropical,Vertebrate,Neoniphon sammara,Actinopterygii,46,32,21.60451,26.81041098,0.298840247
tropical,Vertebrate,Paraluteres prionurus,Actinopterygii,25,11,24.09543,26.11034986,0.376097115
tropical,Vertebrate,Plotosus lineatus,Actinopterygii,15,35,25.13383,23.91597435,0.527936585
tropical,Vertebrate,Pseudanthias tuka,Actinopterygii,12,25,10.10387,27.7892011,0.330641945
tropical,Vertebrate,Cantherhines dumerilii,Actinopterygii,35,38,21.82924,24.0447065,0.330843319
tropical,Vertebrate,Lethrinus olivaceus,Actinopterygii,185,100,10.87107,27.79608692,0.429679555
tropical,Vertebrate,Macolor niger,Actinopterygii,75,90,13.36634,27.24849522,0.304387447
tropical,Vertebrate,Mulloidichthys flavolineatus,Actinopterygii,35,43,22.79842,25.88070513,0.43343705
tropical,Vertebrate,Myripristis violacea,Actinopterygii,25,35,13.95663,27.54581108,0.532024019
tropical,Vertebrate,Amblyeleotris steinitzi,Actinopterygii,43,13,13.18874,27.3458032,0.400939409
tropical,Vertebrate,Cheilodipterus artus,Actinopterygii,20,19,14.02153,26.89769942,0.632532571
tropical,Vertebrate,Istigobius rigilius,Actinopterygii,30,10,22.91516,27.07540801,0.579672646
tropical,Vertebrate,Carangoides fulvoguttatus,Actinopterygii,100,120,20.33943,25.971463,0.684215066
tropical,Vertebrate,Coris aygula,Actinopterygii,30,120,25.08891,25.69310748,0.507388613
warm,Vertebrate,Coris dorsomacula,Actinopterygii,40,20,26.28801,22.85094066,0.492181247
tropical,Vertebrate,Caesio teres,Actinopterygii,50,40,25.23432,26.84864296,0.559102882
tropical,Vertebrate,Naso vlamingii,Actinopterygii,60,50,21.58617,27.4305574,0.311399689
tropical,Vertebrate,Parupeneus barberinus,Actinopterygii,100,60,25.25308,27.24998817,0.403778134
tropical,Vertebrate,Exallias brevis,Actinopterygii,20,15,21.47706,24.66304677,0.357880805
tropical,Vertebrate,Halichoeres margaritaceus,Actinopterygii,5,12.5,25.12863,25.11718667,0.417793619
tropical,Vertebrate,Halichoeres nebulosus,Actinopterygii,40,12,27.25963,23.5463053,0.66655944
tropical,Vertebrate,Amblyglyphidodon aureus,Actinopterygii,45,13,17.56654,27.57933588,0.414854499
tropical,Vertebrate,Anampses meleagrides,Actinopterygii,60,22,22.10165,25.48877099,0.446576335
tropical,Vertebrate,Cephalopholis leopardus,Actinopterygii,38,24,7.83052,28.17292092,0.309367504
tropical,Vertebrate,Platax teira,Actinopterygii,25,70,25.00539,25.65353572,0.661012378
tropical,Vertebrate,Hologymnosus doliatus,Actinopterygii,35,50,25.23432,25.63004223,0.516142746
tropical,Vertebrate,Kyphosus vaigiensis,Actinopterygii,24,70,25.14937,24.10368815,0.503459608
tropical,Vertebrate,Pterocaesio trilineata,Actinopterygii,30,20,11.2887,27.2294601,0.315007748
tropical,Vertebrate,Ctenogobiops mitodes,Actinopterygii,21,6,13.92422,27.42922241,0.518271546
tropical,Vertebrate,Eviota sebreei,Actinopterygii,33,2.5,17.53327,26.4005882,0.567121154
tropical,Vertebrate,Ostorhinchus properuptus,Actinopterygii,30,9,25.24312,25.32384357,0.594107457
tropical,Vertebrate,Ostracion cubicus,Actinopterygii,280,45,25.16271,24.51078294,0.619503101
tropical,Vertebrate,Scolopsis bilineata,Actinopterygii,25,23,25.16065,26.56748129,0.695706043
tropical,Vertebrate,Heniochus varius,Actinopterygii,20,19,21.66826,27.29618323,0.4240356
tropical,Vertebrate,Pomacentrus sp. [rhodonotus],Actinopterygii,22,10,14.04339,26.41105528,0.481124462
tropical,Vertebrate,Assessor macneilli,Actinopterygii,20,6,13.96292,26.46211772,0.480516523
tropical,Vertebrate,Ecsenius bicolor,Actinopterygii,25,11,22.86217,27.04704597,0.634230509
tropical,Vertebrate,Ecsenius stictus,Actinopterygii,5,5.8,13.95663,26.59663325,0.4380666
tropical,Vertebrate,Gnatholepis anjerensis,Actinopterygii,46,8,20.73316,24.643838,0.741695773
tropical,Vertebrate,Helcogramma striata,Actinopterygii,24,5,20.53493,27.0881103,0.674284689
tropical,Vertebrate,Hologymnosus annulatus,Actinopterygii,30,40,21.48919,25.42735708,0.380879132
tropical,Vertebrate,Aulostomus chinensis,Actinopterygii,122,80,25.14967,25.14967871,0.495449616
tropical,Vertebrate,Cheilodipterus isostigmus,Actinopterygii,40,11,14.02153,26.95595055,0.532007795
tropical,Vertebrate,Caesio cuning,Actinopterygii,60,60,22.23613,26.37631375,0.71462356
tropical,Vertebrate,Chelonia mydas,Reptilia,25,150,26.14125,24.15484227,0.708377568
tropical,Vertebrate,Crossosalarias macrospilus,Actinopterygii,25,10,20.00034,25.92473182,0.453400205
tropical,Vertebrate,Pomacanthus imperator,Actinopterygii,100,40,21.9091,26.87883862,0.365109189
tropical,Vertebrate,Atrosalarias holomelas,Actinopterygii,20,10,20.00989,25.39339236,0.611743851
tropical,Vertebrate,Ctenogobiops pomastictus,Actinopterygii,15,8,13.39367,27.00932313,0.592232288
warm,Vertebrate,Fistularia commersonii,Actinopterygii,132,160,25.14806,22.69637618,0.659600968
tropical,Vertebrate,Ostorhinchus cyanosoma,Actinopterygii,40,8,32.86459,26.11071538,0.547072578
tropical,Vertebrate,Ostorhinchus nigrofasciatus,Actinopterygii,50,10,25.19223,26.94629898,0.479521041
tropical,Vertebrate,Anyperodon leucogrammicus,Actinopterygii,80,65,9.95345,27.82362345,0.448015528
tropical,Vertebrate,Caesio lunaris,Actinopterygii,50,40,10.67711,28.18788311,0.343107494
tropical,Vertebrate,Ogilbyina queenslandiae,Actinopterygii,20,15,13.83888,25.4327692,0.474119729
tropical,Vertebrate,Chaetodon bennetti,Actinopterygii,30,20,21.57078,27.03578651,0.334986176
tropical,Vertebrate,Halichoeres chloropterus,Actinopterygii,12,19,12.06076,26.76032434,0.459834372
tropical,Vertebrate,Plectorhinchus chaetodonoides,Actinopterygii,30,72,13.94799,27.12253033,0.626521581
tropical,Vertebrate,Diagramma pictum,Actinopterygii,88,90,22.91986,25.43797568,0.898757211
tropical,Vertebrate,Macropharyngodon ornatus,Actinopterygii,13,30,22.12136,26.89671072,0.581023878
tropical,Vertebrate,Synodus binotatus,Actinopterygii,88,18,23.80136,25.89605746,0.518304066
tropical,Vertebrate,Sufflamen bursa,Actinopterygii,90,25,19.4854,27.39745836,0.295208665
tropical,Vertebrate,Amblyeleotris guttata,Actinopterygii,40,11,13.29529,26.91749517,0.45488349
tropical,Vertebrate,Fusigobius signipinnis,Actinopterygii,30,5,14.01905,27.31141488,0.486985521
warm,Vertebrate,Macropharyngodon negrosensis,Actinopterygii,32,12,26.29024,23.07500683,0.520061778
tropical,Vertebrate,Parupeneus barberinoides,Actinopterygii,40,30,23.77244,25.23542784,0.6805494
tropical,Vertebrate,Parupeneus ciliatus,Actinopterygii,91,38,25.14891,23.94391492,0.521777966
tropical,Vertebrate,Koumansetta rainfordi,Actinopterygii,30,9,21.65884,26.98288906,0.465829677
tropical,Vertebrate,Aethaloperca rogaa,Actinopterygii,50,60,8.78244,28.52388126,0.425398267
tropical,Vertebrate,Arothron hispidus,Actinopterygii,50,50,24.84688,24.2206861,0.937021603
tropical,Vertebrate,Chrysiptera biocellata,Actinopterygii,10,13,17.95596,28.01144942,0.373978384
tropical,Vertebrate,Parapercis australis,Actinopterygii,82,24,25.18885,25.52977256,0.588670459
tropical,Vertebrate,Rhinecanthus aculeatus,Actinopterygii,50,30,11.14305,26.13802139,0.462896186
tropical,Vertebrate,Stegastes punctatus,Actinopterygii,14,15,13.3579,26.7639918,0.546405549
warm,Vertebrate,Coris bulbifrons,Actinopterygii,20,95,18.79776,22.07331196,0.548943506
tropical,Vertebrate,Kyphosus cinerascens,Actinopterygii,45,50,23.86672,26.33107757,0.341091504
tropical,Vertebrate,Epinephelus polyphekadion,Actinopterygii,46,90,21.57737,26.82425766,0.588262481
warm,Vertebrate,Parupeneus spilurus,Actinopterygii,25,47,25.48755,21.08901997,0.987190161
tropical,Vertebrate,Amblygobius nocturnus,Actinopterygii,30,10,21.68318,26.48983982,0.561657476
warm,Vertebrate,Pterois volitans,Actinopterygii,55,38,23.92375,22.84872528,0.710511956
warm,Vertebrate,Stethojulis interrupta,Actinopterygii,21,13,27.25963,22.74811051,0.77498475
tropical,Vertebrate,Ostorhinchus aureus,Actinopterygii,40,14.5,25.43843,23.72424946,0.842805308
tropical,Vertebrate,Coris batuensis,Actinopterygii,30,17,24.04551,26.68007192,0.576999815
tropical,Vertebrate,Heniochus acuminatus,Actinopterygii,75,25,25.11156,25.13912281,0.846969362
tropical,Vertebrate,Novaculichthys taeniourus,Actinopterygii,25,30,21.47982,25.93498899,0.375900491
tropical,Vertebrate,Cephalopholis miniata,Actinopterygii,150,45,21.87612,25.22631024,0.544604081
tropical,Vertebrate,Chelmon marginalis,Actinopterygii,30,18,18.66484,26.66848597,0.942652273
warm,Vertebrate,Kyphosus sectatrix,Actinopterygii,30,76,26.25973,22.07284506,0.435462755
tropical,Vertebrate,Eviota atriventris,Actinopterygii,24,1.7,12.07662,26.76675582,0.4286063
tropical,Vertebrate,Pomacentrus pavo,Actinopterygii,16,9,10.43215,28.33271165,0.486600712
tropical,Vertebrate,Amphiprion clarkii,Actinopterygii,60,15,19.11037,27.20487617,0.656392889
tropical,Vertebrate,Halichoeres melanurus,Actinopterygii,21,12,21.68353,26.83790029,0.534763397
tropical,Vertebrate,Chromileptes altivelis,Actinopterygii,40,70,20.34842,26.06902623,0.721041136
tropical,Vertebrate,Meiacanthus grammistes,Actinopterygii,21,11,19.11072,26.23776537,0.680762362
tropical,Vertebrate,Parupeneus indicus,Actinopterygii,30,45,18.57519,25.92143182,0.85519316
tropical,Vertebrate,Pomacentrus nigromanus,Actinopterygii,60,9,12.72214,27.11519162,0.926449436
tropical,Vertebrate,Ecsenius aequalis,Actinopterygii,12,5,6.84634,27.12908068,0.413307876
tropical,Vertebrate,Ucla xenogrammus,Actinopterygii,41,5,13.2812,27.1182713,0.405163045
warm,Vertebrate,Chromis kennensis,Actinopterygii,40,16,24.68037,22.59076554,0.492564815
tropical,Vertebrate,Cirripectes chelomatus,Actinopterygii,16,12,21.56983,23.61059629,0.475609384
tropical,Vertebrate,Ostorhinchus compressus,Actinopterygii,20,12,13.95663,26.82518983,0.5008657
tropical,Vertebrate,Scolopsis margaritifer,Actinopterygii,28,25,13.9794,27.04310205,0.489323937
tropical,Vertebrate,Stethojulis strigiventer,Actinopterygii,15,15,24.7599,24.27114618,0.69078539
tropical,Vertebrate,Amblyeleotris wheeleri,Actinopterygii,40,10,20.28092,27.18278614,0.506575098
tropical,Vertebrate,Centropyge tibicen,Actinopterygii,55,19,25.23432,24.01592795,0.582115339
warm,Vertebrate,Siganus fuscescens,Actinopterygii,50,40,26.39608,23.08722124,0.866800088
warm,Vertebrate,Anampses femininus,Actinopterygii,30,24,18.0043,23.07026962,0.32856972
tropical,Vertebrate,Ecsenius fourmanoiri,Actinopterygii,20,5,21.5004,23.6465981,0.309589377
tropical,Vertebrate,Pomacanthus sexstriatus,Actinopterygii,50,46,13.68097,26.84240054,0.724884802
warm,Vertebrate,Gymnothorax thrysoideus,Actinopterygii,25,66,24.39243,24.10320156,0.861717891
warm,Vertebrate,Petroscirtes fallax,Actinopterygii,12,9.5,26.31377,20.91582097,0.748430379
tropical,Vertebrate,Taeniura lymma,Actinopterygii,70,35,13.45521,26.082563,0.738638462
warm,Vertebrate,Kyphosus bigibbus,Actinopterygii,25,75,25.81932,23.06163263,0.608592685
tropical,Vertebrate,Neotrygon kuhlii,Actinopterygii,90,70,22.86122,24.71501028,0.76060912
tropical,Vertebrate,Diodon hystrix,Actinopterygii,50,91,19.51683,23.74536422,0.796940993
warm,Vertebrate,Gymnothorax eurostus,Actinopterygii,74,60,13.49558,22.35372816,0.662315074
warm,Vertebrate,Cirripectes alboapicalis,Actinopterygii,10,12.3,21.86079,21.95115934,0.342103755
tropical,Vertebrate,Chaetodon meyeri,Actinopterygii,25,18,13.25043,28.26855206,0.424507871
tropical,Vertebrate,Abudefduf whitleyi,Actinopterygii,5,14,19.91639,25.60003159,0.631289772
tropical,Vertebrate,Scolopsis monogramma,Actinopterygii,50,31,22.94597,26.00627061,0.910257665
warm,Vertebrate,Chaetodon guentheri,Actinopterygii,70,22,20.66707,21.07429375,0.929230029
tropical,Vertebrate,Gobiodon histrio,Actinopterygii,15,3.5,19.86357,25.15469517,0.683772657
tropical,Vertebrate,Pomacanthus semicirculatus,Actinopterygii,30,40,21.62574,25.06649358,0.683855174
tropical,Vertebrate,Assessor flavissimus,Actinopterygii,20,6,11.97521,26.70532651,0.473562332
warm,Vertebrate,Pseudolabrus guentheri,Actinopterygii,20,18,19.05756,21.20248414,0.824486292
warm,Vertebrate,Oxycheilinus bimaculatus,Actinopterygii,110,15,24.06927,22.81823431,0.661314851
warm,Vertebrate,Sufflamen fraenatum,Actinopterygii,186,38,25.24355,22.38656998,0.58333469
warm,Vertebrate,Apogon limenus,Actinopterygii,30,14,29.32147,20.83619996,0.888510104
tropical,Vertebrate,Amblygobius decussatus,Actinopterygii,25,9.5,10.92287,26.72616861,0.497466018
tropical,Vertebrate,Diploprion bifasciatum,Actinopterygii,100,25,24.02342,25.71980405,0.832341766
tropical,Vertebrate,Ecsenius mandibularis,Actinopterygii,12,5,13.68097,25.88647654,0.52350997
tropical,Vertebrate,Eviota melasma,Actinopterygii,20,3,13.35088,26.19131379,0.593230405
tropical,Vertebrate,Myripristis hexagona,Actinopterygii,40,30,13.09758,26.55229094,0.72649331
tropical,Vertebrate,Signigobius biocellatus,Actinopterygii,30,10,12.07846,27.13102332,0.488146402
tropical,Vertebrate,Choerodon schoenleinii,Actinopterygii,60,100,18.8164,26.4197964,0.986944993
tropical,Vertebrate,Chaetodontoplus duboulayi,Actinopterygii,21,28,16.32964,26.5050621,0.962085041
tropical,Vertebrate,Choerodon cyanodus,Actinopterygii,35,70,16.26869,26.44042216,0.912868933
tropical,Vertebrate,Cryptocentrus strigilliceps,Actinopterygii,15,10,13.84141,26.74355931,0.572808611
tropical,Vertebrate,Eviota sigillata,Actinopterygii,20,3,21.68318,25.68380726,0.620497547
tropical,Vertebrate,Halichoeres nigrescens,Actinopterygii,14,14,22.22975,25.86409172,0.953439746
tropical,Vertebrate,Istigobius goldmanni,Actinopterygii,9,6,22.85778,26.35281226,1.032301659
tropical,Vertebrate,Meiacanthus lineatus,Actinopterygii,14,10,17.66194,25.77827912,0.737853472
warm,Vertebrate,Plectorhinchus flavomaculatus,Actinopterygii,30,60,22.99772,22.78464101,1.006355649
tropical,Vertebrate,Pseudochromis wilsoni,Actinopterygii,70,8,16.32964,26.17291888,0.827650707
tropical,Vertebrate,Ptereleotris microlepis,Actinopterygii,50,13,24.81042,25.77219651,0.725375677
tropical,Vertebrate,Sargocentron rubrum,Actinopterygii,84,32,21.48676,25.79352799,0.819770561
tropical,Vertebrate,Valenciennea muralis,Actinopterygii,20,16,13.68062,26.3231181,0.780384246
tropical,Vertebrate,Asterropteryx semipunctata,Actinopterygii,21,4.5,21.4217,25.67837391,0.72647802
tropical,Vertebrate,Chaetodontoplus meredithi,Actinopterygii,50,25,14.14534,24.56603044,0.604170526
tropical,Vertebrate,Exyrias belissimus,Actinopterygii,20,15,12.89652,27.19898955,0.782076672
warm,Vertebrate,Psammoperca waigiensis,Actinopterygii,14,47,23.57318,23.19935396,1.049699407
tropical,Vertebrate,Apogon doederleini,Actinopterygii,9,14,25.07751,23.54344162,0.878463432
tropical,Vertebrate,Choerodon graphicus,Actinopterygii,30,52,17.7008,25.1961794,0.797440274
tropical,Vertebrate,Ostorhinchus cookii,Actinopterygii,14,10,22.13528,26.04696512,1.043411904
tropical,Vertebrate,Upeneus tragula,Actinopterygii,20,30,25.07701,24.22290447,1.04374267
tropical,Vertebrate,Eviota storthynx,Actinopterygii,9,3,18.67834,26.5595386,0.81067613
warm,Vertebrate,Coris aurilineata,Actinopterygii,10,14,15.16103,22.81464091,0.987077099
warm,Vertebrate,Pempheris analis,Actinopterygii,40,20,24.65281,23.21602034,0.905696442
tropical,Vertebrate,Halichoeres melanochir,Actinopterygii,25,18,12.85383,26.71846117,0.920364872
warm,Vertebrate,Sphyraena obtusata,Actinopterygii,120,55,25.02776,22.40471296,1.065104522
tropical,Vertebrate,Salarias fasciatus,Actinopterygii,8.6,14,20.07602,25.54468016,0.642512091
warm,Vertebrate,Prionurus microlepidotus,Actinopterygii,38,70,19.63494,20.69124028,0.966529868
tropical,Vertebrate,Chrysiptera caesifrons,Actinopterygii,16,7,13.90963,26.54851599,0.435173475
tropical,Vertebrate,Enneapterygius similis,Actinopterygii,13,4,10.42947,23.32054427,0.57573939
tropical,Vertebrate,Gobiodon citrinus,Actinopterygii,20,6.6,21.56452,25.01271837,0.62012791
warm,Vertebrate,Parapercis stricticeps,Actinopterygii,26,18,23.87962,22.45718589,1.030310802
warm,Vertebrate,Atypichthys strigatus,Actinopterygii,30,25,26.35817,18.27745906,1.278020984
tropical,Vertebrate,Siganus virgatus,Actinopterygii,20,30,18.10342,25.9821443,0.92264325
warm,Vertebrate,Chrysiptera notialis,Actinopterygii,45,9,18.28995,21.91629772,0.657360453
warm,Vertebrate,Cheilodactylus vestitus,Actinopterygii,20,35,12.59264,20.72369903,1.021480777
warm,Vertebrate,Microcanthus strigatus,Actinopterygii,15,16,14.73189,20.70872542,1.028290328
tropical,Vertebrate,Scarus prasiognathos,Actinopterygii,70,22,21.66289,26.80834405,0.672903338
warm,Vertebrate,Orectolobus ornatus,Chondrichthyes,100,290,26.80421,20.78299716,0.962740175
warm,Vertebrate,Cheilio inermis,Actinopterygii,30,50,22.83151,23.05896353,1.006828514
tropical,Vertebrate,Chrysiptera cyanea,Actinopterygii,11.1,9,8.45329,28.07845804,0.500858609
tropical,Vertebrate,Lutjanus lemniscatus,Actinopterygii,80,65,18.82101,25.94909218,0.884804545
tropical,Vertebrate,Plectorhinchus multivittatus,Actinopterygii,50,50,18.65167,26.34494632,0.98812017
tropical,Vertebrate,Paraplotosus butleri,Actinopterygii,17,33,13.52465,25.46157819,1.050879052
warm,Vertebrate,Apogon flavus,Actinopterygii,6,25,21.68676,21.86480117,0.333189921
warm,Vertebrate,Canthigaster callisterna,Actinopterygii,250,23,13.05362,20.83170814,0.807684855
warm,Vertebrate,Orectolobus halei,Chondrichthyes,50,300,15.51843,20.19900674,1.076927971
warm,Vertebrate,Gerres subfasciatus,Actinopterygii,40,22,16.31253,20.44038888,1.135533274
warm,Vertebrate,Rhabdosargus sarba,Actinopterygii,20,80,16.46204,20.52089616,1.063318783
warm,Vertebrate,Leptojulis cyanopleura,Actinopterygii,45,13,26.38892,21.91052974,0.785755713
warm,Vertebrate,Acanthopagrus australis,Actinopterygii,30,66,20.21972,20.33931772,1.156372669
warm,Vertebrate,Monodactylus argenteus,Actinopterygii,18,27,24.33161,21.03083288,1.104418494
warm,Vertebrate,Parma oligolepis,Actinopterygii,25,20,11.95588,21.53336831,1.203143495
warm,Vertebrate,Pempheris affinis,Actinopterygii,30,17,27.08024,20.23522945,0.935449962
tropical,Vertebrate,Cirrhitichthys oxycephalus,Actinopterygii,40,10,20.32248,26.84499653,0.473514609
warm,Vertebrate,Chelmonops truncatus,Actinopterygii,70,22,22.89367,20.08637912,1.252081398
tropical,Vertebrate,Lethrinus erythropterus,Actinopterygii,25,50,7.55273,28.3383516,0.417893934
tropical,Vertebrate,Ecsenius yaeyamaensis,Actinopterygii,15,6,15.57353,26.74271773,0.787583237
warm,Vertebrate,Austrolabrus maculatus,Actinopterygii,40,17,11.57546,19.41160955,0.711949362
warm,Vertebrate,Cirrhitichthys aprinus,Actinopterygii,30,13,26.07015,21.39098113,1.046832676
warm,Vertebrate,Coris picta,Actinopterygii,25,25,9.7262,20.77041196,0.77895152
warm,Vertebrate,Dicotylichthys punctulatus,Actinopterygii,50,43,8.43066,20.66689113,1.035074955
warm,Vertebrate,Orectolobus maculatus,Chondrichthyes,110,320,10.95772,20.43587154,1.199194049
warm,Vertebrate,Cheilodactylus fuscus,Actinopterygii,30,65,11.80164,19.92035018,0.997795391
warm,Vertebrate,Chrysophrys auratus,Actinopterygii,100,130,12.76021,19.75156094,1.102117336
warm,Vertebrate,Hypnos monopterygius,Actinopterygii,240,70,9.69617,20.44783424,1.088281322
warm,Vertebrate,Meuschenia trachylepis,Actinopterygii,40,40,11.73916,19.91386489,1.224617955
warm,Vertebrate,Notolabrus gymnogenis,Actinopterygii,40,49,12.08145,19.38533884,1.089589033
warm,Vertebrate,Parma unifasciata,Actinopterygii,25,20,10.14213,20.20941539,1.048684709
warm,Vertebrate,Pseudocaranx georgianus,Actinopterygii,120,55,26.87376,19.56254548,0.940972824
warm,Vertebrate,Schuettea scalaripinnis,Actinopterygii,30,20,10.06944,20.28751876,1.086243148
warm,Vertebrate,Scorpis lineolata,Actinopterygii,30,37,17.73035,18.13067215,1.270958389
warm,Vertebrate,Seriola lalandi,Actinopterygii,50,250,18.21937,20.987933,1.038820442
warm,Vertebrate,Trachurus novaezelandiae,Actinopterygii,500,50,17.41227,19.45770262,1.087521236
warm,Vertebrate,Monacanthus chinensis,Actinopterygii,50,38,27.09452,21.23500956,1.220789005
warm,Vertebrate,Parma polylepis,Actinopterygii,20,21,8.4025,21.7510912,0.710281984
warm,Vertebrate,Trachichthys australis,Actinopterygii,30,18,12.58649,19.06445996,0.907422694
warm,Vertebrate,Achoerodus viridis,Actinopterygii,40,100,12.26949,19.67043001,1.213627648
warm,Vertebrate,Prionurus maculatus,Actinopterygii,20,45,9.92574,21.44561415,0.860621423
warm,Vertebrate,Trachinops taeniatus,Actinopterygii,25,10,13.5948,19.75891694,1.083846567
warm,Vertebrate,Platycephalus fuscus,Actinopterygii,25,120,11.22611,20.8790864,1.105956177
tropical,Vertebrate,Ecsenius lividanalis,Actinopterygii,15,5,13.38116,28.33164172,0.632286327
tropical,Invertebrate,Dardanus lagopodes,Malacostraca,120,6,22.75976,26.08507384,0.434108178
tropical,Invertebrate,Diadema setosum,Echinoidea,360,8,20.41241,26.36807752,0.756652895
tropical,Invertebrate,Echinometra mathaei,Echinoidea,34,8.5,25.18546,25.37024979,0.485891581
tropical,Invertebrate,Echinostrephus aciculatus,Echinoidea,50,2.2,23.84831,25.74889457,0.468853504
tropical,Invertebrate,Holothuria atra,Holothuroidea,30,50,21.65703,25.75731085,0.673250861
tropical,Invertebrate,Oxycomanthus bennetti,Crinoidea,45,35,22.86212,26.89541361,0.490953791
tropical,Invertebrate,Phyllidiella pustulosa,Gastropoda,12,4.5,25.20933,25.25057917,0.626464549
tropical,Invertebrate,Thelenota ananas,Holothuroidea,20,60,20.32861,26.98216388,0.367545268
tropical,Invertebrate,Tridacna derasa,Bivalvia,20,52,20.05168,26.82759553,0.369093455
tropical,Invertebrate,Tridacna maxima,Bivalvia,35,35,21.67468,26.41913692,0.529372203
tropical,Invertebrate,Calcinus minutus,Malacostraca,32,2.5,22.06749,27.12600838,0.440830204
warm,Invertebrate,Pteraeolidia ianthina,Gastropoda,35,15,28.0495,20.18195051,0.914276085
tropical,Invertebrate,Tridacna crocea,Bivalvia,20,15,21.6438,26.88723331,0.431943985
tropical,Invertebrate,Tridacna squamosa,Bivalvia,26,41,14.02089,26.95111898,0.58071622
tropical,Invertebrate,Culcita novaeguineae,Asteroidea,40,12.5,20.07814,26.82831273,0.602242815
tropical,Invertebrate,Himerometra robustipinna,Crinoidea,57,23,21.75873,25.95494893,0.414372146
tropical,Invertebrate,Thuridilla gracilis,Holothuroidea,16,2.5,13.56573,27.03140214,0.305380999
tropical,Invertebrate,Fromia indica,Asteroidea,25,7,19.03606,26.14049813,0.581469197
tropical,Invertebrate,Cerithium echinatum,Gastropoda,30,8,19.91559,25.43938965,0.670030913
tropical,Invertebrate,Drupella cornus,Gastropoda,75,3.8,22.07445,25.23919125,0.644798104
tropical,Invertebrate,Tridacna gigas,Bivalvia,35,137,13.65258,27.21242301,0.374931137
tropical,Invertebrate,Bohadschia argus,Holothuroidea,45,22,19.62921,27.00946885,0.413526095
tropical,Invertebrate,Phyllidia coelestis,Gastropoda,25,6,13.62005,26.96760808,0.651726241
tropical,Invertebrate,Tectus pyramis,Gastropoda,17,4,22.05899,26.12715422,0.565673142
tropical,Invertebrate,Acanthaster planci,Asteroidea,65,80,21.89477,25.82143635,0.640462822
tropical,Invertebrate,Holothuria whitmaei,Holothuroidea,18,50,21.55233,25.19783387,0.376281432
tropical,Invertebrate,Stichopus chloronotus,Holothuroidea,20,25,21.66824,26.20120188,0.578269029
tropical,Invertebrate,Chelidonura inornata,Gastropoda,10,3,21.79937,24.80158171,0.428437522
tropical,Invertebrate,Holothuria leucospilota,Holothuroidea,19,50,21.78895,24.70402588,0.725568921
tropical,Invertebrate,Diadema savignyi,Echinoidea,70,8,25.2478,23.21722081,0.573513516
tropical,Invertebrate,Turbo argyrostomus,Gastropoda,30,8,18.89553,25.98918983,0.554354492
warm,Vertebrate,Scorpaena jacksoniensis,Actinopterygii,40,40,11.469,20.40896857,0.825485531
warm,Vertebrate,Scorpaena cardinalis,Actinopterygii,154,47,6.0482,21.66954252,0.475971886
tropical,Invertebrate,Bohadschia graeffei,Holothuroidea,20,40,11.19928,27.54092227,0.447199055
tropical,Invertebrate,Echinaster luzonicus,Asteroidea,60,10,20.38618,26.00864145,0.620125265
tropical,Invertebrate,Echinothrix calamaris,Echinoidea,90,7,20.09621,25.18444297,0.581869565
tropical,Invertebrate,Fromia monilis,Asteroidea,40,7,18.82302,27.25377706,0.528858746
tropical,Invertebrate,Holothuria edulis,Holothuroidea,20,25,20.08659,26.96921786,0.695995298
tropical,Invertebrate,Tropiometra afra,Crinoidea,110,44,25.12562,23.61683081,0.718395699
tropical,Invertebrate,Linckia laevigata,Asteroidea,60,22,21.66824,26.55818521,0.550026239
tropical,Invertebrate,Linckia multifora,Asteroidea,46,5,19.99154,26.06777624,0.558832247
warm,Invertebrate,Prionocidaris callista,Echinoidea,275,7,10.81627,21.72002992,0.70555255
warm,Invertebrate,Panulirus longipes,Malacostraca,122,30,10.77966,21.94377465,0.296505217
warm,Invertebrate,Coryphellina rubrolineata,Gastropoda,32,4,26.26137,21.02499745,1.085791582
warm,Invertebrate,Tripneustes gratilla,Echinoidea,75,15,21.59635,22.13417235,0.825101383
warm,Invertebrate,Linckia guildingi,Asteroidea,29,31,21.61256,22.75763153,0.462940869
warm,Invertebrate,Stenopus hispidus,Malacostraca,112,9,24.06561,22.63698281,0.670060038
tropical,Vertebrate,Epinephelus rivulatus,Actinopterygii,30,46,22.7016,24.11325028,1.117748709
warm,Vertebrate,Eviota hoesei,Actinopterygii,25,2.1,17.13044,22.02685545,0.372425905
warm,Invertebrate,Coriocella nigra,Gastropoda,15,8,21.59443,23.10382485,0.366508335
warm,Vertebrate,Enneapterygius atrogulare,Actinopterygii,5,5,15.33921,21.07238656,0.951297591
warm,Invertebrate,Doriprismatica atromarginata,Gastropoda,28,5,25.08342,21.54985636,1.041885286
warm,Invertebrate,Rhinoclavis bituberculata,Gastropoda,12,6,13.39538,21.32399972,0.607157328
warm,Invertebrate,Centrostephanus rodgersii,Echinoidea,35,10,17.45408,19.15038803,1.032296558
warm,Invertebrate,Goniobranchus splendidus,Gastropoda,25,4.9,12.76355,20.40165139,0.92978824
warm,Invertebrate,Monoplex parthenopeus,Gastropoda,30,15,22.82588,19.21671235,1.152236793
cool,Invertebrate,Cabestana spengleri,Gastropoda,20,17,16.231,17.62951818,1.114811993
cool,Invertebrate,Heliocidaris erythrogramma,Echinoidea,35,9,17.40101,17.40345522,1.046075861
warm,Vertebrate,Eocallionymus papilio,Actinopterygii,50,13,33.27906,18.67256591,1.166111934
warm,Invertebrate,Heliocidaris tuberculata,Echinoidea,10,11.5,11.72096,20.17214281,0.939631987
warm,Invertebrate,Ophidiaster confertus,Asteroidea,50,30,7.67351,21.82643013,0.737491333
warm,Vertebrate,Trachypoma macracanthus,Actinopterygii,45,22,7.6317,21.65839769,0.658495847
warm,Vertebrate,Hypoplectrodes maccullochi,Actinopterygii,50,45,18.22607,19.80520054,0.948639656
tropical,Coral,Astreopora myriophthalma,Anthozoa,20,10,19.44778,26.9849224,0.391443226
tropical,Coral,Favia pallida,Anthozoa,30,12,21.59367,26.83366473,0.372012165
tropical,Coral,Millepora exaesa,Anthozoa,50,15,13.57584,27.22049367,0.355906338
tropical,Coral,Favia stelligera,Anthozoa,20,15,13.94748,27.17753657,0.357328138
tropical,Coral,Pocillopora verrucosa,Anthozoa,60,35,13.2927,27.21796648,0.335015006
tropical,Coral,Stylophora pistillata,Anthozoa,70,15,21.80506,26.31978353,0.384787317
tropical,Coral,Galaxea fascicularis,Anthozoa,25,5,12.7581,27.22052167,0.511335353
tropical,Coral,Goniastrea pectinata,Anthozoa,40,8,19.96213,27.32886588,0.369951638
tropical,Coral,Leptoria phrygia,Anthozoa,40,5,20.00666,26.12076266,0.352302763
tropical,Coral,Porites lichen,Anthozoa,30,2,21.48287,26.34488678,0.330889058
tropical,Coral,Acropora cerealis,Anthozoa,30,30,19.96856,27.07357555,0.365417606
tropical,Coral,Astrea curta,Anthozoa,45,2,21.7981,24.61809422,0.374246269
tropical,Coral,Isopora palifera,Anthozoa,30,12,19.9997,26.86313383,0.324571985
tropical,Coral,Porites vaughani,Anthozoa,65,5,13.94052,26.84631001,0.338650541
tropical,Coral,Acropora hyacinthus,Anthozoa,36,50,21.58778,26.84395053,0.450420656
tropical,Coral,Coscinaraea columna,Anthozoa,38,8,21.79937,25.96029728,0.271404238
tropical,Coral,Favites abdita,Anthozoa,15,12,21.51318,26.81470971,0.371480042
tropical,Coral,Acropora humilis,Anthozoa,10,15,19.81209,27.15564106,0.409156438
tropical,Coral,Favia favus,Anthozoa,50,15,19.9834,25.81871038,0.480277107
tropical,Coral,Goniastrea edwardsi,Anthozoa,30,8,13.94748,27.23500028,0.388527329
tropical,Coral,Pavona varians,Anthozoa,80,8,19.96207,27.38596574,0.373776935
tropical,Coral,Pocillopora damicornis,Anthozoa,60,35,21.79937,25.77577793,0.400393947
tropical,Coral,Pocillopora meandrina,Anthozoa,40,25,13.03621,27.45328235,0.377578759
tropical,Coral,Echinopora lamellosa,Anthozoa,35,5,13.53008,27.32634256,0.453603302
tropical,Coral,Porites cylindrica,Anthozoa,20,2,13.94748,27.52521363,0.414034897
tropical,Coral,Acropora valida,Anthozoa,51,20,21.59844,25.72740671,0.463033621
tropical,Coral,Diploastrea heliopora,Anthozoa,56,5,10.13865,27.42328188,0.448284891
tropical,Coral,Acropora loripes,Anthozoa,25,20,13.25494,27.32857145,0.364324676
tropical,Coral,Montipora grisea,Anthozoa,20,2,13.94799,27.34370246,0.377621186
tropical,Coral,Merulina ampliata,Anthozoa,40,10,13.54715,27.17511452,0.446039499
tropical,Coral,Porites rus,Anthozoa,20,15,19.48266,27.46315255,0.419250757
tropical,Coral,Acropora nasuta,Anthozoa,15,20,19.93805,26.53092099,0.410177637
tropical,Coral,Lobophyllia hemprichii,Anthozoa,50,5,19.48266,26.61583301,0.470689084
tropical,Coral,Acropora tenuis,Anthozoa,20,15,13.56196,26.91710866,0.523543753
tropical,Coral,Millepora dichotoma,Anthozoa,15,30,13.29665,26.1862715,0.337414005
tropical,Coral,Acropora cytherea,Anthozoa,25,20,21.44688,26.80740657,0.460798925
tropical,Coral,Montipora crassituberculata,Anthozoa,20,20,13.94799,26.00210442,0.522571507
tropical,Coral,Acropora florida,Anthozoa,35,15,19.46226,27.19495495,0.494646429
tropical,Coral,Platygyra daedalea,Anthozoa,30,30,21.43377,24.77665539,0.482882009
tropical,Coral,Goniastrea australensis,Anthozoa,40,10,21.46843,23.36165888,0.414420237
tropical,Coral,Goniastrea retiformis,Anthozoa,30,25,13.21961,27.72347242,0.416956075
tropical,Coral,Montipora tuberculosa,Anthozoa,52,2,13.20784,27.83353126,0.538628474
tropical,Coral,Acropora austera,Anthozoa,20,30,21.55789,26.16257518,0.336526313
tropical,Coral,Acropora intermedia,Anthozoa,18,40,19.85722,26.24887504,0.497029212
tropical,Coral,Acropora digitifera,Anthozoa,15,20,21.68107,26.11263221,0.4653716
tropical,Coral,Seriatopora hystrix,Anthozoa,20,30,21.57737,27.42535319,0.423855734
tropical,Coral,Acropora longicyathus,Anthozoa,20,40,13.92422,26.92082734,0.416370621
tropical,Coral,Acropora muricata,Anthozoa,30,50,19.47647,26.51958668,0.485356493
tropical,Coral,Seriatopora caliendrum,Anthozoa,25,15,21.57737,25.60173435,0.387089521
tropical,Coral,Acropora gemmifera,Anthozoa,50,30,20.00657,26.82264154,0.378988628
tropical,Coral,Acropora millepora,Anthozoa,12,20,20.06635,26.66651572,0.550337251
warm,Coral,Isopora cuneata,Anthozoa,15,10,21.30939,23,0.261963684
tropical,Coral,Acropora abrotanoides,Anthozoa,15,35,21.40606,24.85125816,0.34991652
tropical,Coral,Isopora brueggemanni,Anthozoa,15,10,19.21545,28.00158406,0.477859507
warm,Coral,Porites heronensis,Anthozoa,5,2,8.57519,23,0.353807735
warm,Vertebrate,Stegastes obreptus,Actinopterygii,10,12,22.17518,23.38955205,0.938821316
warm,Vertebrate,Thalassoma purpureum,Actinopterygii,10,46,21.60605,21.89174869,0.375042702
tropical,Vertebrate,Chromis cinerascens,Actinopterygii,19,13,13.16633,26.88443973,0.885479406
warm,Vertebrate,Pomacentrus milleri,Actinopterygii,6,7.5,28.60977,23.50807932,1.055503082
tropical,Vertebrate,Diademichthys lineatus,Actinopterygii,40,5,15.18186,26.30015454,0.922714964
tropical,Vertebrate,Ostorhinchus wassinki,Actinopterygii,22,7,13.45406,25.95788652,0.850948219
warm,Vertebrate,Chaetodon assarius,Actinopterygii,40,13,10.24858,22.02822345,0.850862386
warm,Vertebrate,Choerodon rubescens,Actinopterygii,40,90,11.95351,21.35950907,0.772402407
tropical,Vertebrate,Coris caudimacula,Actinopterygii,57,20,7.13818,24.47603964,1.079493273
tropical,Vertebrate,Epinephelus bilobatus,Actinopterygii,50,33,13.45406,25.7470374,0.939948327
warm,Vertebrate,Pentapodus vitta,Actinopterygii,15,31,11.80058,22.54836433,1.229795217
tropical,Vertebrate,Siganus trispilos,Actinopterygii,17,25,3.29829,24.7362217,1.398050681
warm,Vertebrate,Labracinus lineatus,Actinopterygii,30,25,14.40264,22.44699569,1.288941191
warm,Vertebrate,Thalassoma septemfasciatum,Actinopterygii,16,31,11.21841,21.16615081,0.684662571
cool,Vertebrate,Pempheris multiradiata,Actinopterygii,30,28,21.50257,17.40189003,0.9871909
warm,Vertebrate,Coris auricularis,Actinopterygii,45,40,17.82788,20.77421415,0.652388179
tropical,Vertebrate,Centropyge eibli,Actinopterygii,30,15,12.86878,27.99714747,0.477914602
warm,Vertebrate,Cheilodactylus gibbosus,Actinopterygii,20,35,11.97595,20.90145629,0.726043498
tropical,Vertebrate,Chaetodon adiergastos,Actinopterygii,25,20,18.54586,28.24189653,0.79539518
warm,Vertebrate,Cheilodactylus rubrolabiatus,Actinopterygii,30,75,11.93899,20.86872469,0.674715837
warm,Vertebrate,Chromis westaustralis,Actinopterygii,75,8.5,11.96312,21.03750438,0.960117417
warm,Vertebrate,Suezichthys cyanolaemus,Actinopterygii,8,12,11.97595,21.13272045,0.741129149
tropical,Vertebrate,Choerodon cauteroma,Actinopterygii,50,36,6.12667,26.21659012,1.556094159
warm,Vertebrate,Kyphosus sydneyanus,Actinopterygii,30,86,20.76617,19.1507639,0.839932477
tropical,Vertebrate,Lutjanus decussatus,Actinopterygii,35,30,6.70932,28.55298291,0.499893265
warm,Vertebrate,Paracaesio xanthura,Actinopterygii,150,50,23.69491,21.69790906,0.911202125
tropical,Vertebrate,Ecsenius alleni,Actinopterygii,35,3,6.95079,28.34314072,0.760106024
tropical,Vertebrate,Chrysiptera hemicyanea,Actinopterygii,15,8,5.37506,28.45462698,0.40120213
warm,Invertebrate,Centrostephanus tenuispinus,Echinoidea,104,9,12.64441,19.81935674,0.677913932
tropical,Invertebrate,Nardoa variolata,Asteroidea,14.4,44,2.96649,24.76987046,1.312727552
warm,Vertebrate,Cirripectes hutchinsi,Actinopterygii,22,10.6,9.19919,21.09821539,0.721884448
warm,Invertebrate,Chromodoris westraliensis,Gastropoda,18,6,14.67714,21.18211955,0.807136939
warm,Invertebrate,Astralium tentorium,Gastropoda,11,4.7,21.21657,21.28205491,0.966531457
warm,Invertebrate,Panulirus cygnus,Malacostraca,180,40,12.19367,20.77835314,0.803681045
warm,Vertebrate,Apogon victoriae,Actinopterygii,20,14,15.24121,20.88882567,0.966919984
cool,Invertebrate,Petricia vernicina,Asteroidea,60,18,31.33811,16.9613051,0.949830271
warm,Invertebrate,Pentagonaster dubeni,Asteroidea,200,15,31.65861,17.66427672,0.975912887
cool,Vertebrate,Acanthaluteres vittiger,Actinopterygii,40,35,13.6473,16.82587979,1.062854436
cool,Vertebrate,Aplodactylus arctidens,Actinopterygii,40,65,9.38224,15.30752457,1.21893825
cool,Vertebrate,Aracana aurita,Actinopterygii,200,25,13.40263,15.5288927,1.221401504
cool,Vertebrate,Dactylophora nigricans,Actinopterygii,30,120,10.94474,17.25040445,0.865664388
cool,Vertebrate,Dinolestes lewini,Actinopterygii,60,90,15.4584,17.42622142,1.014101965
cool,Vertebrate,Diodon nicthemerus,Actinopterygii,50,40,13.27832,15.95351012,1.206993367
cool,Vertebrate,Dotalabrus aurantiacus,Actinopterygii,47,15,27.20925,16.27758708,0.965463974
warm,Vertebrate,Enoplosus armatus,Actinopterygii,100,50,14.67588,18.24878172,0.848679991
cool,Vertebrate,Girella zebra,Actinopterygii,20,54,13.2649,16.68520281,0.939866978
warm,Vertebrate,Heteroscarus acroptilus,Actinopterygii,20,40,15.13203,18.02095872,0.977447138
cool,Vertebrate,Meuschenia australis,Actinopterygii,20,32,9.79665,15.0714026,1.346613444
warm,Vertebrate,Meuschenia flavolineata,Actinopterygii,30,30,13.06689,17.67005267,0.958095021
cool,Vertebrate,Meuschenia freycineti,Actinopterygii,50,60,13.01756,17.40186844,1.191398087
cool,Vertebrate,Meuschenia hippocrepis,Actinopterygii,18,51,12.85671,17.05660302,0.936885695
cool,Vertebrate,Notolabrus fucicola,Actinopterygii,90,40,9.95389,15.24396039,1.190968318
cool,Vertebrate,Notolabrus tetricus,Actinopterygii,160,50,11.32958,15.89449552,1.067179808
warm,Vertebrate,Olisthops cyanomelas,Actinopterygii,30,55,15.33914,17.76528823,0.936556725
cool,Vertebrate,Parascyllium variolatum,Chondrichthyes,180,91,13.71054,16.64787148,0.806701136
cool,Vertebrate,Parma victoriae,Actinopterygii,25,25,12.72432,16.50044351,0.941746272
warm,Vertebrate,Pictilabrus laticlavius,Actinopterygii,30,30,15.45539,17.67782628,0.961791138
cool,Vertebrate,Pseudogoniistius nigripes,Actinopterygii,60,41,11.10684,16.11273066,1.038887689
cool,Vertebrate,Pseudolabrus rubicundus,Actinopterygii,218,25,10.65031,15.33638217,1.267829622
cool,Vertebrate,Scorpis aequipinnis,Actinopterygii,25,56,13.51377,16.70320026,0.976260181
warm,Vertebrate,Siphamia cephalotes,Actinopterygii,30,6,12.43125,17.8102497,0.970718913
cool,Vertebrate,Sphyraena novaehollandiae,Actinopterygii,20,110,9.02437,16.67968659,0.972487776
cool,Vertebrate,Tetractenos glaber,Actinopterygii,10,16,11.12301,16.54843458,1.506948978
warm,Vertebrate,Upeneichthys lineatus,Actinopterygii,100,31,12.62735,19.54980843,1.127687005
cool,Vertebrate,Upeneichthys vlamingii,Actinopterygii,40,35,13.27638,16.91411137,1.066334066
cool,Vertebrate,Urolophus paucimaculatus,Chondrichthyes,150,57,12.57466,16.57329627,1.460562553
warm,Vertebrate,Bathytoshia brevicaudata,Chondrichthyes,480,430,13.11334,18.00091014,1.1481181
warm,Vertebrate,Dotalabrus alleni,Actinopterygii,15,10,8.86943,20.48364071,0.524683434
cool,Vertebrate,Eubalichthys gunnii,Actinopterygii,150,60,11.29865,15.81105603,1.148364557
warm,Vertebrate,Eupetrichthys angustipes,Actinopterygii,40,20,13.12863,18.99730593,1.08566467
warm,Vertebrate,Myliobatis australis,Chondrichthyes,85,241,13.19554,18.2032761,1.266877722
cool,Vertebrate,Parequula melbournensis,Actinopterygii,100,22,12.7047,17.26213957,1.004865534
cool,Vertebrate,Siphonognathus beddomei,Actinopterygii,15,14,13.14502,16.58590664,0.950535842
cool,Vertebrate,Tilodon sexfasciatus,Actinopterygii,30,40,9.03567,17.26677063,0.73061336
cool,Vertebrate,Cephaloscyllium laticeps,Chondrichthyes,60,150,9.26249,14.92873527,1.302968911
cool,Vertebrate,Cheilodactylus spectabilis,Actinopterygii,50,100,14.73671,15.81819929,1.147195298
warm,Vertebrate,Girella tricuspidata,Actinopterygii,20,71,15.83193,19.09838199,1.332348756
warm,Vertebrate,Heterodontus portusjacksoni,Chondrichthyes,275,165,14.89062,18.35293021,1.110271764
warm,Vertebrate,Meuschenia galii,Actinopterygii,30,35,9.31259,18.29717647,0.726719227
warm,Vertebrate,Scobinichthys granulatus,Actinopterygii,30,30,13.05601,18.4288614,1.12645149
cool,Vertebrate,Phyllopteryx taeniolatus,Actinopterygii,50,46,13.45313,16.64339422,1.32100552
warm,Vertebrate,Paraplesiops meleagris,Actinopterygii,40,36,10.65961,18.7902382,0.770554688
cool,Vertebrate,Trachurus declivis,Actinopterygii,500,64,10.95567,15.46762456,1.382805433
warm,Vertebrate,Ophthalmolepis lineolatus,Actinopterygii,30,41,13.58586,19.40504505,0.955392115
warm,Vertebrate,Parma microlepis,Actinopterygii,30,20,13.36873,18.64864078,1.235015044
warm,Vertebrate,Meuschenia venusta,Actinopterygii,20,21,10.26818,17.85442195,0.917114374
warm,Vertebrate,Pempheris klunzingeri,Actinopterygii,20,21,16.74587,18.80134238,0.725876051
cool,Vertebrate,Pentaceropsis recurvirostris,Actinopterygii,260,61,10.94077,15.84600956,1.137491837
warm,Vertebrate,Achoerodus gouldii,Actinopterygii,40,175,9.32362,17.93986678,0.615974306
warm,Vertebrate,Arripis georgianus,Actinopterygii,30,41,8.97906,18.74850228,0.72642503
cool,Vertebrate,Haletta semifasciata,Actinopterygii,15,41,12.52299,16.12531925,1.367781163
warm,Vertebrate,Acanthaluteres brownii,Actinopterygii,25,55,3.91924,17.76303121,0.791090313
cool,Vertebrate,Aetapcus maculatus,Actinopterygii,30,22,12.80641,16.35383651,0.977501564
warm,Vertebrate,Chelmonops curiosus,Actinopterygii,40,26,8.59317,18.90380117,0.837402298
warm,Vertebrate,Hypoplectrodes nigroruber,Actinopterygii,35,30,13.02776,18.52907146,0.853440385
warm,Vertebrate,Notolabrus parilus,Actinopterygii,20,49,7.57064,18.92989953,0.636556198
cool,Vertebrate,Omegophora armilla,Actinopterygii,146,25,11.33512,17.23962983,1.179374647
warm,Vertebrate,Parapriacanthus elongatus,Actinopterygii,60,14,12.41902,18.02590388,0.876300982
warm,Vertebrate,Trachinops noarlungae,Actinopterygii,30,15,5.59305,18.21148027,0.619308967
cool,Vertebrate,Urolophus gigas,Chondrichthyes,50,80,10.89764,16.33929457,1.342771285
cool,Vertebrate,Caesioperca rasor,Actinopterygii,100,26,11.34294,15.48440229,1.061425345
warm,Vertebrate,Neatypus obliquus,Actinopterygii,200,24,7.57261,20.52296271,0.616013555
warm,Vertebrate,Othos dentex,Actinopterygii,30,76,5.60194,19.19557658,0.627566252
warm,Vertebrate,Siphonognathus caninis,Actinopterygii,35,10,9.3002,18.48656954,0.698275391
warm,Invertebrate,Sepia apama,Cephalopoda,100,80,12.61023,18.21844273,0.994311852
cool,Vertebrate,Neoodax balteatus,Actinopterygii,20,14,11.55349,16.04731937,1.201160962
cool,Vertebrate,Vincentia conspersa,Actinopterygii,65,14,10.41528,15.28977455,1.36276473
warm,Vertebrate,Helcogramma decurrens,Actinopterygii,15,7,9.62812,19.09207897,0.825601224
warm,Vertebrate,Anoplocapros amygdaloides,Actinopterygii,100,39,5.48956,20.77012887,0.632003117
warm,Vertebrate,Pempheris ornata,Actinopterygii,30,7.5,3.76765,17.7118802,0.604584992
warm,Vertebrate,Anoplocapros lenticularis,Actinopterygii,40,33,8.18342,20.05885719,0.793707459
warm,Vertebrate,Scorpis georgiana,Actinopterygii,35,46,13.67044,19.74701468,0.771017107
warm,Vertebrate,Brachaluteres jacksonianus,Actinopterygii,25,10,11.51476,18.8037943,1.556168203
warm,Vertebrate,Eubalichthys mosaicus,Actinopterygii,80,60,11.27117,18.96589742,1.385293593
cool,Vertebrate,Acanthaluteres spilomelanurus,Actinopterygii,10,14,12.85662,15.81073321,1.352432641
cool,Vertebrate,Neosebastes scorpaenoides,Actinopterygii,140,40,9.42068,15.20538927,1.289116351
cool,Vertebrate,Meuschenia scaber,Actinopterygii,200,31,11.56287,16.65118665,1.169720269
cool,Vertebrate,Trachinops caudimaculatus,Actinopterygii,35,15,9.36283,15.07821019,1.247500565
cool,Vertebrate,Bovichtus angustifrons,Actinopterygii,20,28,11.26193,15.32441142,1.174700142
warm,Vertebrate,Trygonorrhina fasciata,Chondrichthyes,50,126,8.25797,19.24903312,1.317197468
cool,Vertebrate,Latridopsis forsteri,Actinopterygii,60,65,11.96299,15.28924744,1.333865938
cool,Vertebrate,Heteroclinus tristis,Actinopterygii,10,30,11.61715,16.40515096,1.155571647
warm,Vertebrate,Girella elevata,Actinopterygii,25,76,14.75664,18.29801894,1.102122943
warm,Vertebrate,Latropiscis purpurissatus,Actinopterygii,60,69,9.57182,19.62155073,0.894763666
warm,Vertebrate,Eubalichthys bucephalus,Actinopterygii,250,50,7.47981,19.55327173,1.268061234
warm,Vertebrate,Nemadactylus douglasii,Actinopterygii,100,74,13.08542,19.11117039,1.443278436
cool,Vertebrate,Pseudophycis barbata,Actinopterygii,275,64,8.50435,14.77193609,1.42411552
cool,Vertebrate,Caesioperca lepidoptera,Actinopterygii,100,30,11.90999,15.39330981,1.46524274
warm,Vertebrate,Chromis hypsilepis,Actinopterygii,40,16,14.36052,19.82241235,0.920567536
cool,Vertebrate,Pseudophycis bachus,Actinopterygii,375,90,8.09205,14.60701804,1.358937204
cool,Vertebrate,Forsterygion varium,Actinopterygii,10,15,4.87978,14.15588474,1.521267615
warm,Vertebrate,Lotella rhacina,Actinopterygii,90,50,12.00602,18.3351363,1.234789714
warm,Vertebrate,Halichoeres brownfieldi,Actinopterygii,30,15,17.13373,20.65385887,0.643489343
cool,Vertebrate,Heteroclinus johnstoni,Actinopterygii,50,40,11.26193,15.24005695,1.0922175
cool,Invertebrate,Cenolia trichoptera,Crinoidea,70,46,14.68105,17.50395053,1.004472075
cool,Invertebrate,Conus anemone,Gastropoda,40,10.5,13.30104,16.83894273,1.129074457
cool,Invertebrate,Coscinasterias muricata,Asteroidea,150,50,14.75154,17.25357908,1.123868965
warm,Invertebrate,Dicathais orbita,Gastropoda,10,7.5,17.50018,17.68330427,0.980216026
cool,Invertebrate,Echinaster arcystatus,Asteroidea,40,36,10.80763,16.62499256,0.853516616
cool,Invertebrate,Haliotis laevigata,Gastropoda,40,23,10.79607,16.14728688,0.827952541
cool,Invertebrate,Haliotis rubra,Gastropoda,40,22,13.25118,16.37861322,1.072298948
warm,Invertebrate,Haliotis scalaris,Gastropoda,50,12,10.97755,17.65159036,1.020757953
warm,Invertebrate,Holopneustes porosissimus,Echinoidea,15,7,10.72651,18.70321196,0.849375768
warm,Invertebrate,Holopneustes purpurascens,Echinoidea,8,6,6.94005,18.73625675,1.308828541
cool,Invertebrate,Meridiastra gunnii,Asteroidea,15,13,12.92075,16.28134235,1.09267353
cool,Invertebrate,Nectocarcinus integrifrons,Malacostraca,20,8,10.42148,16.24274323,1.597097402
cool,Invertebrate,Nectria ocellata,Asteroidea,240,26,13.20933,15.61762622,1.08742739
cool,Invertebrate,Nectria pedicelligera,Asteroidea,240,15,11.28717,16.31018067,0.999445587
cool,Invertebrate,Paguristes frontalis,Malacostraca,8,8,10.83326,17.04347517,0.901243415
cool,Invertebrate,Phasianella australis,Gastropoda,5,10,10.96618,16.33583819,1.299971077
cool,Invertebrate,Plagusia chabrus,Malacostraca,8,7,13.7164,16.46191441,1.020600079
cool,Invertebrate,Pleuroploca australasia,Gastropoda,100,15,13.4235,16.22455431,1.126802765
cool,Invertebrate,Pseudonepanthia troughtoni,Asteroidea,70,14,10.55276,16.73153545,0.76830983
cool,Invertebrate,Scutus antipodes,Gastropoda,20,10,13.21584,17.31081036,1.097659922
cool,Invertebrate,Tosia australis,Asteroidea,40,10,14.8152,16.05272935,1.097073756
cool,Invertebrate,Turbo undulatus,Gastropoda,10,5,13.61286,16.24641769,1.091805768
cool,Invertebrate,Holopneustes inflatus,Echinoidea,30,7,10.7377,15.4142476,1.307533552
cool,Invertebrate,Nectria macrobrachia,Asteroidea,180,12,9.14886,16.29925938,0.784093512
cool,Invertebrate,Phasianella ventricosa,Gastropoda,6,4.9,12.43007,16.695604,0.983696616
cool,Invertebrate,Phasianotrochus eximius,Gastropoda,8,4,13.06844,16.16305247,1.235602804
warm,Invertebrate,Plectaster decanus,Asteroidea,200,24,12.2691,17.58354504,0.908278617
cool,Invertebrate,Comanthus tasmaniae,Crinoidea,63,30,11.63271,15.26988669,1.085736246
cool,Invertebrate,Jasus edwardsii,Malacostraca,200,46,11.25114,15.61137223,1.11185447
warm,Invertebrate,Nectria saoria,Asteroidea,30,14,6.70267,17.71803277,0.708961295
cool,Invertebrate,Amblypneustes ovum,Echinoidea,70,6,17.25299,16.9389707,1.09100573
warm,Invertebrate,Astralium tentoriiforme,Gastropoda,12,6,15.92108,19.37462986,1.151927693
cool,Invertebrate,Fromia polypora,Asteroidea,30,22,25.16697,17.40798094,0.971878555
cool,Invertebrate,Sagaminopteron ornatum,Gastropoda,20,2.5,13.10881,17.56229425,0.8418145
cool,Invertebrate,Strigopagurus strigimanus,Malacostraca,220,13,13.52378,15.3111533,1.195495335
cool,Invertebrate,Uniophora granifera,Asteroidea,30,24,13.37835,16.71762682,1.176451904
warm,Invertebrate,Mitra glabra,Gastropoda,20,10.3,10.81135,17.69484848,1.336610178
warm,Invertebrate,Doris chrysoderma,Gastropoda,30,5,11.01392,18.03189034,1.187396862
cool,Invertebrate,Penion mandarinus,Gastropoda,600,18,9.58702,15.47415504,1.290984022
cool,Vertebrate,Trinorfolkia clarkei,Actinopterygii,30,8,13.66735,17.70074593,1.126732258
cool,Invertebrate,Australostichopus mollis,Holothuroidea,140,20,13.4797,17.31345698,1.122306057
warm,Invertebrate,Phyllacanthus irregularis,Echinoidea,20,11,6.90117,19.02117242,0.635965758
cool,Vertebrate,Scorpaena papillosa,Actinopterygii,130,36,13.28441,16.14964221,1.176035499
cool,Invertebrate,Nectocarcinus tuberculosus,Malacostraca,50,9,12.89115,15.82455784,1.092138481
cool,Invertebrate,Tosia magnifica,Asteroidea,200,9,10.49518,15.22747713,1.287188689
warm,Invertebrate,Turbo torquatus,Gastropoda,20,9.8,8.26661,19.50761145,0.791847622
cool,Invertebrate,Goniocidaris tubaria,Echinoidea,630,6,13.58167,16.71908031,1.244217355
cool,Invertebrate,Pterynotus triformis,Gastropoda,40,11,12.93174,17.01349263,1.262777761
cool,Vertebrate,Trinorfolkia cristata,Actinopterygii,15,5,3.3553,17.27665208,0.711392031
warm,Invertebrate,Holopneustes sp. (red),Echinoidea,6.1,6,5.60315,18.80914095,0.794677111
cool,Invertebrate,Ceratosoma brevicaudatum,Gastropoda,100,15,13.5501,17.03941603,1.188570571
warm,Vertebrate,Cnidoglanis macrocephalus,Actinopterygii,15,91,9.95209,19.66959729,1.057043206
warm,Vertebrate,Thysanophrys cirronasa,Actinopterygii,35,45,3.64565,19.66563716,1.060238544
cool,Invertebrate,Fusinus australis,Gastropoda,40,13,13.1731,17.30337011,1.28041899
warm,Invertebrate,Astralium squamiferum,Gastropoda,5,3,14.0995,18.32269249,1.156477095
warm,Invertebrate,Stichopus ludwigi,Holothuroidea,25,13,13.07208,19.71271906,1.362624878
warm,Vertebrate,Chironemus maculosus,Actinopterygii,10,33,12.87606,17.97747332,1.036850784
warm,Invertebrate,Haliotis roei,Gastropoda,20,12,5.3711,19.06821855,0.772501214
warm,Invertebrate,Turbo jourdani,Gastropoda,40,20,5.6201,20.34579006,0.595409355
warm,Vertebrate,Parapercis haackei,Actinopterygii,35,11,9.59803,19.57096606,0.922063938
warm,Invertebrate,Charonia lampas,Gastropoda,200,24,13.51048,18.20334735,1.081754589
warm,Invertebrate,Paguristes purpureantennatus,Malacostraca,10,8,8.19657,20.91722445,1.082625506
warm,Vertebrate,Pempheris compressa,Actinopterygii,30,20,13.35532,19.90377334,1.504997493
warm,Invertebrate,Ranella australasia,Gastropoda,200,11,15.0287,18.30167497,1.072887981
cool,Vertebrate,Parablennius tasmanianus,Actinopterygii,10,13,11.51113,15.85194216,1.409139397
cool,Vertebrate,Heteroclinus perspicillatus,Actinopterygii,10,20,10.97076,16.46389538,1.267970462
warm,Invertebrate,Agnewia tritoniformis,Gastropoda,25,3,13.4303,18.16804612,1.414165383
cool,Invertebrate,Goniobranchus tasmaniensis,Gastropoda,60,7,10.59843,17.26955881,1.507680744
warm,Invertebrate,Hypselodoris bennetti,Gastropoda,34,6,9.2021,18.96376748,1.078290489
warm,Invertebrate,Ceratosoma amoenum,Gastropoda,30,6,20.14648,18.68765174,1.269156286
warm,Macroalgae,Amphiroa anceps,Red algae,145,20,13.30104,17.87234076,1.036323745
cool,Macroalgae,Caulocystis cephalornithos,Brown algae,7,100,13.11246,15.68577018,1.266661804
cool,Macroalgae,Cystophora expansa,Brown algae,132,60,10.31406,16.45406357,0.870379097
cool,Macroalgae,Cystophora monilifera,Brown algae,132,100,10.87269,16.29072915,1.127777888
cool,Macroalgae,Cystophora moniliformis,Brown algae,132,400,12.79101,16.17238939,1.024067803
cool,Macroalgae,Cystophora retorta,Brown algae,132,120,10.00214,16.62594345,0.879698985
cool,Macroalgae,Cystophora retroflexa,Brown algae,132,200,9.74736,15.61892383,1.168054433
cool,Macroalgae,Cystophora subfarcinata,Brown algae,132,200,11.15667,15.89001695,0.832979228
cool,Macroalgae,Ecklonia radiata,Brown algae,44,200,13.66936,16.83632575,0.994669697
cool,Macroalgae,Haliptilon roseum,Red algae,10,12,13.52378,16.91199763,1.047406129
warm,Macroalgae,Lobophora variegata,Brown algae,36,14,13.2046,17.64254813,1.11056186
cool,Macroalgae,Sargassum decipiens,Brown algae,100,50,13.13696,15.70219172,1.057271021
warm,Macroalgae,Sargassum lacerifolium,Brown algae,12,60,12.97985,19.01246942,0.874325653
warm,Macroalgae,Sargassum linearifolium,Brown algae,50,50,12.91761,19.74060311,1.176812249
warm,Macroalgae,Sargassum spinuligerum,Brown algae,34,60,12.46195,18.64697488,0.944563156
cool,Macroalgae,Sargassum varians,Brown algae,100,50,12.79101,15.76666142,1.007835015
cool,Macroalgae,Zonaria angustata,Brown algae,150,18,13.50978,16.68898114,1.072018688
cool,Macroalgae,Acrocarpia paniculata,Brown algae,42,150,11.24113,15.65207882,1.135511814
cool,Macroalgae,Areschougia congesta,Red algae,20,40,13.13551,15.58969887,1.135645509
cool,Macroalgae,Caulerpa geminata,Green algae,25,15,13.40452,17.0737792,1.217556495
cool,Macroalgae,Cheilosporum sagittatum,Red algae,5,10,9.38634,14.89068231,1.257825041
warm,Macroalgae,Lobospira bicuspidata,Brown algae,13,25,13.1917,18.27269276,0.900681584
cool,Macroalgae,Melanthalia abscissa,Red algae,30,40,13.51048,15.37560611,1.25849232
warm,Macroalgae,Metamastophora flabellata,Red algae,48,23,13.4797,18.5689212,1.113205752
cool,Macroalgae,Myriogramme gunniana,Red algae,28,30,7.85423,14.28404571,2.488726837
cool,Macroalgae,Nizymenia australis,Red algae,20,15,7.95771,15.08993003,1.503828845
cool,Macroalgae,Peyssonnelia novaehollandiae,Red algae,48,20,13.4797,16.56597467,1.071529877
cool,Macroalgae,Phacelocarpus alatus,Red algae,40,9,13.47326,15.97907057,1.174501809
cool,Macroalgae,Phacelocarpus apodus,Red algae,13,30,13.45926,16.15955247,1.27458509
cool,Macroalgae,Phacelocarpus peperocarpos,Red algae,30,50,13.48773,15.99757501,1.053838492
cool,Macroalgae,Plocamium angustum,Red algae,50,25,12.88879,15.27813145,1.058201896
cool,Macroalgae,Plocamium mertensii,Red algae,50,50,13.41768,16.26064978,1.003052854
cool,Macroalgae,Pterocladia lucida,Red algae,24,40,13.17828,17.73253099,1.179464915
cool,Macroalgae,Sargassum vestitum,Brown algae,100,150,8.26684,15.34622284,1.206489984
warm,Macroalgae,Scytothalia dorycarpa,Brown algae,44,200,6.57307,19.74327853,0.701259878
cool,Macroalgae,Seirococcus axillaris,Brown algae,12,200,8.99357,15.49215136,1.224543452
cool,Macroalgae,Zonaria spiralis,Brown algae,150,22,13.15565,16.90911409,0.877342347
cool,Macroalgae,Asparagopsis armata,Red algae,10,25,13.40452,17.66461931,1.128384008
cool,Macroalgae,Caulerpa brownii,Green algae,42,40,13.38001,15.92543097,1.091758091
cool,Macroalgae,Caulerpa flexilis,Green algae,40,30,13.50747,16.71738934,1.062992136
cool,Macroalgae,Corallina officinalis,Red algae,60,6,13.52378,16.5253168,1.115400377
cool,Macroalgae,Echinothamnion hystrix,Red algae,24,35,13.21285,16.13285461,1.287046129
cool,Macroalgae,Exallosorus olsenii,Brown algae,20,15,8.86581,15.97098812,1.208821373
cool,Macroalgae,Halopteris paniculata,Brown algae,13,30,11.26193,15.39920754,1.105541633
cool,Macroalgae,Lenormandia marginata,Red algae,25,25,13.46325,14.9196342,1.282372493
cool,Macroalgae,Metagoniolithon radiatum,Red algae,32,15,13.28879,17.44990929,1.041001665
warm,Macroalgae,Pachydictyon paniculatum,Brown algae,11,35,13.12797,18.61142293,1.114901239
cool,Macroalgae,Perithalia caudata,Brown algae,18,100,8.12983,14.95258734,1.262190944
cool,Macroalgae,Plocamium cartilagineum,Red algae,35,20,13.47772,16.49913627,1.095622345
cool,Macroalgae,Plocamium costatum,Red algae,30,19,11.12598,15.00270153,1.254855801
cool,Macroalgae,Plocamium dilatatum,Red algae,22,25,13.38001,14.95988704,1.178823406
cool,Macroalgae,Plocamium patagiatum,Red algae,26,30,11.18018,14.91649123,1.294678909
warm,Macroalgae,Plocamium preissianum,Red algae,50,50,13.26499,18.16388975,1.051457369
warm,Macroalgae,Rhodopeltis australis,Red algae,30,30,13.30104,19.40370461,1.245220477
cool,Macroalgae,Sargassum verruculosum,Brown algae,100,100,13.29338,15.39501321,1.004680809
cool,Macroalgae,Xiphophora chondrophylla,Brown algae,8,30,7.72807,15.41768175,1.272821108
warm,Macroalgae,Botryocladia sonderi,Red algae,10,20,12.93267,19.34340617,1.311867577
cool,Macroalgae,Callophyllis lambertii,Red algae,35,40,12.96629,14.80661628,1.236170921
cool,Macroalgae,Carpomitra costata,Brown algae,38,35,8.04563,15.04775594,1.272313265
cool,Macroalgae,Caulerpa longifolia,Green algae,40,30,13.40452,16.73703072,1.228240227
cool,Macroalgae,Caulerpa trifaria,Green algae,31,25,8.98842,14.94615037,1.342018039
cool,Macroalgae,Cladostephus spongiosus,Brown algae,5,20,9.62737,15.44850837,1.420951872
cool,Macroalgae,Dictyopteris muelleri,Brown algae,50,40,13.34605,17.07590424,1.079517925
warm,Macroalgae,Gloiosaccion brownii,Red algae,90,30,13.16855,18.47225798,1.197599806
warm,Macroalgae,Haloplegma preissii,Red algae,35,20,13.28774,18.93841569,0.942830254
cool,Macroalgae,Hemineura frondosa,Red algae,604,60,13.48773,15.19258089,1.241161604
cool,Macroalgae,Sargassum fallax,Brown algae,100,100,13.29589,17.36373227,1.111468592
cool,Macroalgae,Sargassum sonderi,Brown algae,100,50,12.87241,15.47947899,1.173771612
warm,Macroalgae,Caulerpa cactoides,Green algae,38,40,13.20505,19.22229363,1.211906526
cool,Macroalgae,Codium pomoides,Green algae,20,12,13.45011,15.15133721,1.176374327
warm,Macroalgae,Colpomenia sinuosa,Brown algae,5,15,13.1731,18.35686352,1.19613818
warm,Macroalgae,Hydroclathrus clathratus,Brown algae,25,35,11.03197,20.04299145,1.126111079
cool,Macroalgae,Jania micrarthrodia,Red algae,6,6,13.30104,16.93236157,1.248238186
warm,Macroalgae,Laurencia majuscula,Red algae,20,10,13.13889,18.92201608,1.252244098
cool,Macroalgae,Sargassum heteromorphum,Brown algae,100,45,12.44563,16.87346611,0.838332163
cool,Macroalgae,Gelidium australe,Red algae,13,30,13.26075,15.79784102,1.211129688
cool,Macroalgae,Polyopes constrictus,Red algae,16,20,8.54539,14.84576275,1.285240958
cool,Macroalgae,Callophyllis rangiferina,Red algae,24,25,13.52077,16.60752429,1.196033346
cool,Macroalgae,Carpoglossum confluens,Brown algae,40,200,9.26557,14.72054221,1.312074953
warm,Macroalgae,Caulerpa obscura,Green algae,35,30,13.1886,18.28389152,0.929853189
warm,Macroalgae,Cystophora racemosa,Brown algae,10,100,12.41287,19.02435101,1.180157205
cool,Macroalgae,Dictyomenia harveyana,Red algae,28,40,9.59669,15.08777551,1.492531795
cool,Macroalgae,Caulerpa scalpelliformis,Green algae,36,20,13.23913,16.83543145,1.104766591
cool,Macroalgae,Caulocystis uvifera,Brown algae,14,60,12.95783,16.75484641,1.12985474
warm,Macroalgae,Metagoniolithon stelliferum,Red algae,10,15,13.24046,18.10143932,1.23635377
cool,Macroalgae,Apjohnia laetevirens,Green algae,30,25,13.12197,16.108787,1.196968245
cool,Macroalgae,Ballia callitricha,Red algae,50,36,10.92821,14.93771011,1.17786044
cool,Macroalgae,Thamnoclonium dichotomum,Red algae,32,30,10.75409,14.84332613,1.247716085
cool,Macroalgae,Camontagnea oxyclada,Red algae,5,20,10.92651,14.49363723,1.385850263
warm,Macroalgae,Dictyomenia tridens,Red algae,30,40,13.23592,18.06388248,1.44924864
cool,Macroalgae,Distromium flabellatum,Brown algae,8,30,12.58611,17.51877175,0.908553228
cool,Macroalgae,Caulerpa simpliciuscula,Green algae,38,30,13.40452,16.5537771,1.121340065
warm,Macroalgae,Amphiroa gracilis,Red algae,5,10,5.59647,20.749304,0.785156819
cool,Macroalgae,Champia viridis,Red algae,15,15,13.51048,15.26726142,1.296159817
warm,Macroalgae,Hypnea ramentacea,Red algae,25,25,13.30104,18.06957188,1.290748784
cool,Macroalgae,Laurencia elata,Red algae,40,25,13.47772,16.41216205,1.16361743
cool,Macroalgae,Macrocystis pyrifera,Brown algae,28,3500,12.92248,14.65460303,1.285023478
cool,Macroalgae,Pollexfenia lobata,Red algae,364,50,13.42928,15.1138199,1.349912479
cool,Macroalgae,Cystophora platylobium,Brown algae,132,400,10.61839,14.92201933,1.264443123
cool,Macroalgae,Delisea pulchra,Red algae,25,60,13.47772,16.64396293,1.163047884
cool,Macroalgae,Erythrymenia minuta,Red algae,20,14,13.37806,16.27237696,1.319178705
cool,Macroalgae,Euptilota articulata,Red algae,15,35,13.48773,16.11079089,1.161806952
cool,Macroalgae,Gelidium asperum,Red algae,20,40,8.06833,15.00760868,1.346785765
cool,Macroalgae,Melanthalia obtusata,Red algae,16,60,8.03422,15.0200403,1.294824245
cool,Macroalgae,Phyllospora comosa,Brown algae,30,300,8.62831,15.5579159,1.329275211
cool,Macroalgae,Durvillaea potatorum,Brown algae,30,800,5.35914,14.51131933,1.428788276
cool,Macroalgae,Plocamium leptophyllum,Red algae,33,20,10.76584,15.24158165,1.281694332
cool,Macroalgae,Arthrocardia wardii,Red algae,21,12,8.52164,15.56683445,1.383537035
cool,Macroalgae,Callophycus laxus,Red algae,20,30,6.13126,15.49789028,1.584429025
cool,Macroalgae,Codium harveyi,Green algae,30,30,13.1704,17.55894954,1.468955727
cool,Macroalgae,Ptilonia australasica,Red algae,60,20,9.4668,14.57913052,1.344551733
warm,Macroalgae,Codium lucasii,Green algae,5,2,12.942,18.84785352,1.321610595
cool,Macroalgae,Colpomenia peregrina,Brown algae,6,25,13.13705,17.75629142,1.401444959
cool,Macroalgae,Synarthrophyton patena,Red algae,36,1.5,13.49648,15.19640111,1.317725527
warm,Vertebrate,Torquigener pleurogramma,Actinopterygii,27,22,9.3107,20.31177544,1.118549464
warm,Vertebrate,Arripis trutta,Actinopterygii,30,89,11.76601,17.70320521,1.495429796
warm,Vertebrate,Trygonoptera testacea,Chondrichthyes,135,47,8.25794,20.05124341,1.191226159
warm,Vertebrate,Pseudolabrus luculentus,Actinopterygii,50,25,9.74215,20.60830903,0.984378701
warm,Vertebrate,Nelusetta ayraud,Actinopterygii,92,71,6.7372,19.86681043,1.46218866
warm,Vertebrate,Chironemus marmoratus,Actinopterygii,20,40,13.25674,19.4115878,1.077532284
warm,Vertebrate,Aplodactylus lophodon,Actinopterygii,10,45,13.3856,19.23956318,1.484189392
cool,Vertebrate,Urolophus cruciatus,Chondrichthyes,160,50,8.78631,15.0460984,1.393804398
warm,Vertebrate,Bodianus frenchii,Actinopterygii,40,49,7.13474,20.7703085,0.798297526
warm,Vertebrate,Chromis klunzingeri,Actinopterygii,40,12,4.95322,20.23341861,0.565964099
warm,Vertebrate,Epinephelides armatus,Actinopterygii,35,56,4.95322,20.75748315,0.640087406
warm,Vertebrate,Parma mccullochi,Actinopterygii,35,30,6.46548,20.57005785,0.661718836
warm,Vertebrate,Pictilabrus viridis,Actinopterygii,10,14,4.94404,20.60751572,0.561752813
warm,Vertebrate,Pseudolabrus biserialis,Actinopterygii,20,25,4.95322,20.61869846,0.572390105
warm,Vertebrate,Trachinops brauni,Actinopterygii,35,8,6.21123,20.30484277,0.673774349
cool,Invertebrate,Meridiastra calcar,Asteroidea,10,10,11.20076,15.25843312,1.331364774
warm,Invertebrate,Pagurus sinuatus,Malacostraca,20,6,6.98395,20.75132949,0.979437411
cool,Invertebrate,Astralium aureum,Gastropoda,5,1.8,13.21221,17.05442286,1.359201517
warm,Vertebrate,Heteroclinus roseus,Actinopterygii,35,15,8.87702,18.59224543,1.119561162
warm,Vertebrate,Brachaelurus waddi,Chondrichthyes,140,122,6.32825,20.41230633,1.062906232
cool,Invertebrate,Astrostole scabra,Asteroidea,146,44,6.01203,14.54874714,1.470644001
warm,Invertebrate,Aphelodoris varia,Gastropoda,30,7.6,13.06319,19.86545424,1.429257173
warm,Invertebrate,Sassia parkinsonia,Gastropoda,150,5,13.15818,19.06532112,1.563189564
warm,Vertebrate,Optivus agastos,Actinopterygii,146,12,10.67856,19.35850382,1.60243547
warm,Vertebrate,Acanthistius ocellatus,Actinopterygii,100,64,8.71187,20.05014635,1.00341896
warm,Vertebrate,Anoplocapros inermis,Actinopterygii,300,37,5.37546,20.13756292,1.20349197
warm,Vertebrate,Gymnothorax prasinus,Actinopterygii,20,97,13.02206,19.98451087,0.950149263
warm,Vertebrate,Mecaenichthys immaculatus,Actinopterygii,30,15,8.50418,20.25325981,1.120186066
warm,Vertebrate,Cochleoceps orientalis,Actinopterygii,40,5.5,5.99276,20.26360083,1.136096366
warm,Vertebrate,Coris sandeyeri,Actinopterygii,60,25,9.27896,20.1520561,1.01096344
warm,Vertebrate,Heterodontus galeatus,Chondrichthyes,90,152,6.06113,20.27243715,1.115622848
warm,Vertebrate,Limnichthys fasciatus,Actinopterygii,30,5,17.59143,20.18530309,0.84178575
warm,Vertebrate,Aspasmogaster costata,Actinopterygii,20,5,4.56139,20.15804529,1.216907301
warm,Vertebrate,Istigobius hoesei,Actinopterygii,7,6,2.44937,20.31102652,1.277520259
warm,Invertebrate,Octopus tetricus,Cephalopoda,30,80,13.21575,19.89567249,1.158697262
warm,Vertebrate,Epinephelus daemelii,Actinopterygii,50,200,7.23801,21.31074269,0.765392841
warm,Vertebrate,Parapercis ramsayi,Actinopterygii,80,20,5.80164,20.39101356,1.263050466
warm,Vertebrate,Pelates sexlineatus,Actinopterygii,30,20,8.78089,20.33322215,0.96515008
warm,Invertebrate,Sepia mestus,Cephalopoda,25,20,7.52459,20.25653519,1.099962447
warm,Vertebrate,Notolabrus inscriptus,Actinopterygii,30,50,6.12339,21.538295,0.540478231
warm,Vertebrate,Suezichthys arquatus,Actinopterygii,100,13.5,6.97977,20.89327025,0.873145381
warm,Vertebrate,Heteroclinus whiteleggii,Actinopterygii,10,10,4.84954,19.69847906,1.235227254
warm,Vertebrate,Amphichaetodon howensis,Actinopterygii,150,20,7.12751,21.36110862,0.60002361
warm,Invertebrate,Sepia plangon,Cephalopoda,85,13,10.76119,20.25196873,1.082629104
warm,Invertebrate,Phyllacanthus parvispinus,Echinoidea,80,9,11.69039,20.17711827,1.055366548
warm,Invertebrate,Pseudoboletia indiana,Echinoidea,100,10,8.46328,20.51149454,1.108445491
warm,Vertebrate,Enneapterygius rufopileus,Actinopterygii,6,3.6,8.56626,21.68231108,0.687181986
warm,Vertebrate,Centropogon australis,Actinopterygii,30,15,9.95209,20.30745752,1.319419923
warm,Vertebrate,Seriola hippos,Actinopterygii,100,150,6.24724,20.88881318,0.997352126
warm,Vertebrate,Anampses elegans,Actinopterygii,30,30,4.84237,21.73996852,0.632948603
warm,Vertebrate,Carcharhinus galapagensis,Chondrichthyes,370,286,2.69568,22.06721714,0.26352934
warm,Vertebrate,Chaetodon tricinctus,Actinopterygii,15,15,6.13488,21.84439209,0.691995387
warm,Vertebrate,Ostorhinchus norfolcensis,Actinopterygii,15,10,2.75293,21.75579843,0.26352934
warm,Vertebrate,Amphiprion mccullochi,Actinopterygii,12,45,2.34504,21.87669194,0.267200139
warm,Vertebrate,Chaetodontoplus conspicillatus,Actinopterygii,40,25,2.38975,21.99939873,0.267200139
warm,Vertebrate,Girella cyanea,Actinopterygii,20,76,6.82155,21.67616322,0.518927581
warm,Vertebrate,Notocirrhitus splendens,Actinopterygii,20,20,2.81435,21.70046962,0.26352934
warm,Vertebrate,Stanulus talboti,Actinopterygii,15,5,2.36516,21.90923611,0.267200139
warm,Vertebrate,Cheilodactylus ephippium,Actinopterygii,60,55,13.7224,21.52105295,0.590531668
warm,Vertebrate,Gymnothorax annasona,Actinopterygii,30,55,2.75676,21.81597429,0.26352934
warm,Vertebrate,Atypichthys latus,Actinopterygii,20,30,6.13714,21.60340874,0.543784702
warm,Vertebrate,Scorpaenodes evides,Actinopterygii,40,12.5,7.74353,21.13001389,0.915956219
warm,Vertebrate,Acanthistius cinctus,Actinopterygii,30,50,8.56626,21.49939516,0.86260141
warm,Vertebrate,Aplodactylus etheridgii,Actinopterygii,20,45,2.78976,21.61599842,0.228423896
warm,Vertebrate,Enneapterygius howensis,Actinopterygii,5,3.5,2.35399,21.74921151,0.267200139
warm,Invertebrate,Turbo cepoides,Gastropoda,21,10,5.66629,21.49942047,0.514320004
warm,Invertebrate,Turbo militaris,Gastropoda,7,15,5.31077,21.14908474,1.227577945
warm,Invertebrate,Comanthus wahlbergi,Crinoidea,103,8,2.788,21.68814321,0.228423896
warm,Invertebrate,Ptilometra australis,Crinoidea,110,15,2.88149,20.9187291,1.446596156
warm,Invertebrate,Turbo imperialis,Gastropoda,15,7.5,3.97395,21.42044679,1.196707046
warm,Vertebrate,Kyphosus cornelii,Actinopterygii,20,70,8.28166,20.93418436,0.644284
warm,Vertebrate,Parma occidentalis,Actinopterygii,10,30,8.14143,20.86812988,0.731496889
warm,Vertebrate,Schuettea woodwardi,Actinopterygii,15,24,6.06987,20.74803905,0.709913166
warm,Vertebrate,Glaucosoma hebraicum,Actinopterygii,200,122,5.91429,20.70842458,0.678896
warm,Vertebrate,Trygonoptera ovalis,Chondrichthyes,43,60,4.9234,20.64988461,0.613628515
warm,Invertebrate,Campanile symbolicum,Gastropoda,40,23,4.37834,20.86818877,0.557697546
warm,Invertebrate,Cronia avellana,Gastropoda,5,4,8.28856,21.0017086,0.665874399
warm,Invertebrate,Turbo kenwilliamsi,Gastropoda,40,8,6.01105,20.79749261,0.632854653
warm,Macroalgae,Asparagopsis taxiformis,Red algae,19,30,4.14154,20.99037304,1.095253462
warm,Macroalgae,Betaphycus speciosum,Red algae,50,15,0.7104,21.27630482,0.714344435
warm,Macroalgae,Callophycus dorsifer,Red algae,30,30,4.2599,20.95978099,0.669271287
warm,Macroalgae,Callophycus oppositifolius,Red algae,38,30,5.24712,20.82483952,0.703345132
warm,Macroalgae,Curdiea irvineae,Red algae,14,30,4.2599,20.96569153,0.680590965
warm,Macroalgae,Dictyomenia sonderi,Red algae,50,25,13.1704,19.9932962,0.984827031
warm,Macroalgae,Galaxaura obtusata,Red algae,20,14,0.7104,21.27549875,0.714344435
warm,Macroalgae,Halimeda cuneata,Green algae,7,15,6.61645,21.15667101,0.804467357
warm,Macroalgae,Hennedya crispa,Red algae,20,20,4.30747,20.73859937,0.70617277
warm,Macroalgae,Kuetzingia canaliculata,Red algae,12,50,4.24346,20.87005095,0.669271287
warm,Macroalgae,Neurymenia fraxinifolia,Red algae,25,28,0.7104,21.27393596,0.714344435
warm,Macroalgae,Platythalia angustifolia,Brown algae,5,80,13.12776,20.11286163,1.009905838
warm,Macroalgae,Sargassum ligulatum,Brown algae,10,50,3.98236,21.23830855,0.669271287
warm,Macroalgae,Laurencia brongniartii,Red algae,12,18,13.19741,19.7899069,0.899151531
warm,Macroalgae,Nizymenia conferta,Red algae,25,15,13.18342,19.90170882,1.881453535
cool,Macroalgae,Lessonia corrugata,Brown algae,20,200,3.51499,14.23250985,1.586590637
cool,Macroalgae,Stenogramme interrupta,Red algae,33,15,10.64821,14.44396231,1.516751957
cool,Macroalgae,Xiphophora gladiata,Brown algae,18,100,4.17921,14.3466797,1.507420068
cool,Macroalgae,Chaetomorpha coliformis,Green algae,15,60,4.84364,14.2602005,2.112290244
cool,Macroalgae,Nitospinosa tasmanica,Red algae,12,50,0.84519,14.16356197,3.093635783
